Identificador URL;Nome;Categorias;Nome da variação 1;Valor da variação 1;Nome da variação 2;Valor da variação 2;Nome da variação 3;Valor da variação 3;Preço;Preço promocional;Peso (kg);Altura (cm);Largura (cm);Comprimento (cm);Estoque;SKU;Código de barras;Exibir na loja;Frete gratis;Descrição;Tags;Título para SEO;Descrição para SEO;Marca;Produto Físico;MPN (Cód. Exclusivo Modelo Fabricante);Sexo;Faixa etária;Custo
decante-amouage-cristal-gold-man;Decante Cristal & Gold Man - Amouage;Decantes > Amouage;Volumetria;2ml;;;;;50.00;;0.02;2;11;16;5;DEC-AMOU-CRISTALGOLDM-2ML;;SIM;NÃO;"<p><strong>CRISTAL & GOLD MAN</strong> de <strong>AMOUAGE</strong> é um perfume <em>Chipre Amadeirado Masculino</em> lançado em <strong>2023</strong>. <em>O perfumista</em> que assina esta fragrância é <strong>Alexandra Carlin</strong>.</p><div style=""background: #FAF9F6; padding: 22px; border-radius: 0 8px 8px 0; border-left: 4px solid #C5A880; margin-top: 15px; margin-bottom: 25px;""><div style=""font-family: 'Playfair Display', Georgia, serif; font-size: 17.5px; font-style: italic; font-weight: 600; color: #1A3B32; margin-bottom: 3px;"">""A perspectiva de ÇaFleureBon...</div><div style=""font-family: 'Inter', sans-serif; font-size: 9px; text-transform: uppercase; letter-spacing: 0.8px; color: #7E786B; margin-bottom: 3px;"">PERSPECTIVA EDITORIAL DO BLOG CRÍTICO MAIS PREMIADO DA PERFUMARIA DE NICHO</div><div style=""font-family: 'Inter', sans-serif; font-size: 7.5px; font-style: italic; text-transform: uppercase; letter-spacing: 0.8px; color: #7E786B; opacity: 0.85; margin-bottom: 14px;"">(PERFUMED PLUME AWARDS, FRAGRANCE FOUNDATION AWARDS - FIFI, BASENOTES READER'S AWARDS)</div><div style=""font-style: italic; color: #4A4439; font-size: 13.5px; line-height: 1.75; margin-bottom: 15px;"">Cristal & Gold Man é uma joia rara feita para comemorar os 40 anos da grife. A perfumista Alexandra Carlin lapidou o clássico de 1983, criando um perfume de alta concentração que abre com o brilho ofuscante de aldeídos que parecem luz pura na pele. Sob essa névoa luminosa, revela-se a atração carnal da civeta e a maciez do sândalo, despertando um rastro de desejo íntimo, opulência e poder atemporal.</div><div style=""border-top: 1px solid #EAE6DB; padding-top: 12px; font-size: 13px; line-height: 1.6; color: #333333;""><strong style=""font-family: 'Playfair Display', Georgia, serif; font-style: italic; font-size: 14.5px; color: #1A3B32; font-weight: 600;"">Ocasiões Recomendadas:</strong> <em>Ideal para ocasiões de gala, eventos formais noturnos ou climas amenos onde se busca exalar opulência e sofisticação clássica.<span style=""font-family: 'Playfair Display', Georgia, serif; font-style: italic; font-weight: 600; font-size: 17.5px; color: #1A3B32; margin-left: 3px;"">""</span></em></div></div><div style=""margin-top: 16px; margin-bottom: 25px; display: flex; flex-direction: column; gap: 10px; font-size: 14.5px; line-height: 1.7;""><div style=""position: relative; padding-left: 20px;""><span style=""color: #C5A880; font-weight: bold; font-size: 18px; position: absolute; left: 0; top: -1px;"">•</span><strong>Notas de Saída (5 a 15 min):</strong> <em>Aldeídos</em>, <em>Mel</em>, <em>Olíbano</em>, <em>Néroli</em>, <em>Bergamota</em> e <em>Petitgrain</em></div><div style=""position: relative; padding-left: 20px;""><span style=""color: #C5A880; font-weight: bold; font-size: 18px; position: absolute; left: 0; top: -1px;"">•</span><strong>Notas de Corpo (2 a 6 h):</strong> <em>Heliotrópio</em>, <em>Jasmim</em>, <em>Rosa Damascena</em>, <em>Ylang Ylang</em> e <em>Raíz de Orris</em></div><div style=""position: relative; padding-left: 20px;""><span style=""color: #C5A880; font-weight: bold; font-size: 18px; position: absolute; left: 0; top: -1px;"">•</span><strong>Notas de Fundo (6 a 12h+):</strong> <em>Civeta</em>, <em>Âmbar Cinzento</em>, <em>Ládano</em>, <em>Patchouli</em>, <em>Sândalo</em>, <em>Vetiver</em> e <em>Madeira Guaiac</em></div></div><p style=""font-family: 'Inter', sans-serif; font-style: italic; font-size: 12.5px; color: #7E786B; border-left: 1.5px solid #C5A880; padding-left: 16px; margin-top: 25px; line-height: 1.7; letter-spacing: 0.15px;"">Os decantes são uma excelente oportunidade para conhecer e testar fragrâncias exclusivas antes de investir em um frasco cheio. Nossos decantes são fracionados de forma profissional diretamente do frasco original em porta-perfumes de vidro com borrifador.</p>";decante, Amouage, Cristal & Gold Man, importado, perfume;Decante Cristal & Gold Man - Amouage | Original Montalk;Compre decante original de Cristal & Gold Man - Amouage fracionado em 2ml, 5ml ou 10ml na Montalk. Envio rápido para todo o Brasil.;Amouage;SIM;;;;
decante-amouage-cristal-gold-man;;;Volumetria;5ml;;;;;100.00;;0.03;3;11;16;5;DEC-AMOU-CRISTALGOLDM-5ML;;;NÃO;;;;;;SIM;;;;
decante-amouage-cristal-gold-man;;;Volumetria;10ml;;;;;180.00;;0.05;5;11;16;5;DEC-AMOU-CRISTALGOLDM-10ML;;;NÃO;;;;;;SIM;;;;
decante-amouage-cristal-gold-woman;Decante Cristal & Gold Woman - Amouage;Decantes > Amouage;Volumetria;2ml;;;;;50.00;;0.02;2;11;16;5;DEC-AMOU-CRISTALGOLDW-2ML;;SIM;NÃO;"<p><strong>CRISTAL & GOLD WOMAN</strong> de <strong>AMOUAGE</strong> é um perfume <em>Floral Aldeídico Feminino</em> lançado em <strong>2023</strong>. <em>O perfumista</em> que assina esta fragrância é <strong>Alexandra Carlin</strong>.</p><div style=""background: #FAF9F6; padding: 22px; border-radius: 0 8px 8px 0; border-left: 4px solid #C5A880; margin-top: 15px; margin-bottom: 25px;""><div style=""font-family: 'Playfair Display', Georgia, serif; font-size: 17.5px; font-style: italic; font-weight: 600; color: #1A3B32; margin-bottom: 3px;"">""A perspectiva de ÇaFleureBon...</div><div style=""font-family: 'Inter', sans-serif; font-size: 9px; text-transform: uppercase; letter-spacing: 0.8px; color: #7E786B; margin-bottom: 3px;"">PERSPECTIVA EDITORIAL DO BLOG CRÍTICO MAIS PREMIADO DA PERFUMARIA DE NICHO</div><div style=""font-family: 'Inter', sans-serif; font-size: 7.5px; font-style: italic; text-transform: uppercase; letter-spacing: 0.8px; color: #7E786B; opacity: 0.85; margin-bottom: 14px;"">(PERFUMED PLUME AWARDS, FRAGRANCE FOUNDATION AWARDS - FIFI, BASENOTES READER'S AWARDS)</div><div style=""font-style: italic; color: #4A4439; font-size: 13.5px; line-height: 1.75; margin-bottom: 15px;"">Cristal & Gold Woman celebra os 40 anos da grife em uma releitura magistral de Alexandra Carlin. O perfume envolve os sentidos em uma névoa dourada de aldeídos e néroli, flutuando sobre um coração suntuoso e atalcado de jasmim e rosa. Na pele, o calor carnal da civeta derrete-se na doçura da baunilha, despertando uma aura de realeza, luxo e desejo magnético.</div><div style=""border-top: 1px solid #EAE6DB; padding-top: 12px; font-size: 13px; line-height: 1.6; color: #333333;""><strong style=""font-family: 'Playfair Display', Georgia, serif; font-style: italic; font-size: 14.5px; color: #1A3B32; font-weight: 600;"">Ocasiões Recomendadas:</strong> <em>Excelente para jantares de gala, noites frias de outono e inverno, ou ocasiões especiais onde se deseja projetar uma aura aristocrática e elegante.<span style=""font-family: 'Playfair Display', Georgia, serif; font-style: italic; font-weight: 600; font-size: 17.5px; color: #1A3B32; margin-left: 3px;"">""</span></em></div></div><div style=""margin-top: 16px; margin-bottom: 25px; display: flex; flex-direction: column; gap: 10px; font-size: 14.5px; line-height: 1.7;""><div style=""position: relative; padding-left: 20px;""><span style=""color: #C5A880; font-weight: bold; font-size: 18px; position: absolute; left: 0; top: -1px;"">•</span><strong>Notas de Saída (5 a 15 min):</strong> <em>Aldeídos</em>, <em>Néroli</em>, <em>Petitgrain</em>, <em>Olíbano</em> e <em>Bergamota</em></div><div style=""position: relative; padding-left: 20px;""><span style=""color: #C5A880; font-weight: bold; font-size: 18px; position: absolute; left: 0; top: -1px;"">•</span><strong>Notas de Corpo (2 a 6 h):</strong> <em>Rosa</em>, <em>Jasmim</em>, <em>Heliotrópio</em>, <em>Ylang Ylang</em> e <em>Raíz de Orris</em></div><div style=""position: relative; padding-left: 20px;""><span style=""color: #C5A880; font-weight: bold; font-size: 18px; position: absolute; left: 0; top: -1px;"">•</span><strong>Notas de Fundo (6 a 12h+):</strong> <em>Âmbar</em>, <em>Civeta</em>, <em>Baunilha de Bourbon</em>, <em>Vetiver</em>, <em>Ládano</em> e <em>Sândalo</em></div></div><p style=""font-family: 'Inter', sans-serif; font-style: italic; font-size: 12.5px; color: #7E786B; border-left: 1.5px solid #C5A880; padding-left: 16px; margin-top: 25px; line-height: 1.7; letter-spacing: 0.15px;"">Os decantes são uma excelente oportunidade para conhecer e testar fragrâncias exclusivas antes de investir em um frasco cheio. Nossos decantes são fracionados de forma profissional diretamente do frasco original em porta-perfumes de vidro com borrifador.</p>";decante, Amouage, Cristal & Gold Woman, importado, perfume;Decante Cristal & Gold Woman - Amouage | Original Montalk;Compre decante original de Cristal & Gold Woman - Amouage fracionado em 2ml, 5ml ou 10ml na Montalk. Envio rápido para todo o Brasil.;Amouage;SIM;;;;
decante-amouage-cristal-gold-woman;;;Volumetria;5ml;;;;;100.00;;0.03;3;11;16;5;DEC-AMOU-CRISTALGOLDW-5ML;;;NÃO;;;;;;SIM;;;;
decante-amouage-cristal-gold-woman;;;Volumetria;10ml;;;;;180.00;;0.05;5;11;16;5;DEC-AMOU-CRISTALGOLDW-10ML;;;NÃO;;;;;;SIM;;;;
decante-amouage-guidance;Decante Guidance - Amouage;Decantes > Amouage;Volumetria;2ml;;;;;50.00;;0.02;2;11;16;5;DEC-AMOU-GUIDANCE-2ML;;SIM;NÃO;"<p><strong>GUIDANCE</strong> de <strong>AMOUAGE</strong> é um perfume <em>Floral Frutado Compartilhável (Unissex)</em> lançado em <strong>2023</strong>. <em>O perfumista</em> que assina esta fragrância é <strong>Quentin Bisch</strong>.</p><div style=""background: #FAF9F6; padding: 22px; border-radius: 0 8px 8px 0; border-left: 4px solid #C5A880; margin-top: 15px; margin-bottom: 25px;""><div style=""font-family: 'Playfair Display', Georgia, serif; font-size: 17.5px; font-style: italic; font-weight: 600; color: #1A3B32; margin-bottom: 3px;"">""A perspectiva de ÇaFleureBon...</div><div style=""font-family: 'Inter', sans-serif; font-size: 9px; text-transform: uppercase; letter-spacing: 0.8px; color: #7E786B; margin-bottom: 3px;"">PERSPECTIVA EDITORIAL DO BLOG CRÍTICO MAIS PREMIADO DA PERFUMARIA DE NICHO</div><div style=""font-family: 'Inter', sans-serif; font-size: 7.5px; font-style: italic; text-transform: uppercase; letter-spacing: 0.8px; color: #7E786B; opacity: 0.85; margin-bottom: 14px;"">(PERFUMED PLUME AWARDS, FRAGRANCE FOUNDATION AWARDS - FIFI, BASENOTES READER'S AWARDS)</div><div style=""font-style: italic; color: #4A4439; font-size: 13.5px; line-height: 1.75; margin-bottom: 15px;"">Guidance é uma obra-prima de Quentin Bisch que evoca a imagem poética de um santuário de marfim e ouro. O perfume envolve a pele em um abraço aveludado e lactônico de avelã e sândalo, que sussurra contra a doçura da pera e o calor sagrado do olíbano. Uma fragrância de textura de seda e sensualidade hipnótica.</div><div style=""border-top: 1px solid #EAE6DB; padding-top: 12px; font-size: 13px; line-height: 1.6; color: #333333;""><strong style=""font-family: 'Playfair Display', Georgia, serif; font-style: italic; font-size: 14.5px; color: #1A3B32; font-weight: 600;"">Ocasiões Recomendadas:</strong> <em>Perfeito para climas amenos, encontros românticos ou jantares sofisticados onde se busca uma presença marcante, cremosa e altamente sedutora.<span style=""font-family: 'Playfair Display', Georgia, serif; font-style: italic; font-weight: 600; font-size: 17.5px; color: #1A3B32; margin-left: 3px;"">""</span></em></div></div><div style=""margin-top: 16px; margin-bottom: 25px; display: flex; flex-direction: column; gap: 10px; font-size: 14.5px; line-height: 1.7;""><div style=""position: relative; padding-left: 20px;""><span style=""color: #C5A880; font-weight: bold; font-size: 18px; position: absolute; left: 0; top: -1px;"">•</span><strong>Notas de Saída (5 a 15 min):</strong> <em>Pera</em>, <em>Avelã</em> e <em>Olíbano</em></div><div style=""position: relative; padding-left: 20px;""><span style=""color: #C5A880; font-weight: bold; font-size: 18px; position: absolute; left: 0; top: -1px;"">•</span><strong>Notas de Corpo (2 a 6 h):</strong> <em>Osmanthus</em>, <em>Rosa</em>, <em>Açafrão</em> e <em>Jasmim Sambac</em></div><div style=""position: relative; padding-left: 20px;""><span style=""color: #C5A880; font-weight: bold; font-size: 18px; position: absolute; left: 0; top: -1px;"">•</span><strong>Notas de Fundo (6 a 12h+):</strong> <em>Sândalo</em>, <em>Baunilha</em>, <em>Akigalawood</em>, <em>Âmbar Cinzento</em> e <em>Ládano</em></div></div><p style=""font-family: 'Inter', sans-serif; font-style: italic; font-size: 12.5px; color: #7E786B; border-left: 1.5px solid #C5A880; padding-left: 16px; margin-top: 25px; line-height: 1.7; letter-spacing: 0.15px;"">Os decantes são uma excelente oportunidade para conhecer e testar fragrâncias exclusivas antes de investir em um frasco cheio. Nossos decantes são fracionados de forma profissional diretamente do frasco original em porta-perfumes de vidro com borrifador.</p>";decante, Amouage, Guidance, importado, perfume;Decante Guidance - Amouage | Original Montalk;Compre decante original de Guidance - Amouage fracionado em 2ml, 5ml ou 10ml na Montalk. Envio rápido para todo o Brasil.;Amouage;SIM;;;;
decante-amouage-guidance;;;Volumetria;5ml;;;;;100.00;;0.03;3;11;16;5;DEC-AMOU-GUIDANCE-5ML;;;NÃO;;;;;;SIM;;;;
decante-amouage-guidance;;;Volumetria;10ml;;;;;180.00;;0.05;5;11;16;5;DEC-AMOU-GUIDANCE-10ML;;;NÃO;;;;;;SIM;;;;
decante-amouage-guidance-46;Decante Guidance 46 - Amouage;Decantes > Amouage;Volumetria;2ml;;;;;50.00;;0.02;2;11;16;5;DEC-AMOU-GUIDANCE46-2ML;;SIM;NÃO;"<p><strong>GUIDANCE 46</strong> de <strong>AMOUAGE</strong> é um perfume <em>Oriental Floral Compartilhável (Unissex)</em> lançado em <strong>2024</strong>. <em>O perfumista</em> que assina esta fragrância é <strong>Quentin Bisch</strong>.</p><div style=""background: #FAF9F6; padding: 22px; border-radius: 0 8px 8px 0; border-left: 4px solid #C5A880; margin-top: 15px; margin-bottom: 25px;""><div style=""font-family: 'Playfair Display', Georgia, serif; font-size: 17.5px; font-style: italic; font-weight: 600; color: #1A3B32; margin-bottom: 3px;"">""A perspectiva de ÇaFleureBon...</div><div style=""font-family: 'Inter', sans-serif; font-size: 9px; text-transform: uppercase; letter-spacing: 0.8px; color: #7E786B; margin-bottom: 3px;"">PERSPECTIVA EDITORIAL DO BLOG CRÍTICO MAIS PREMIADO DA PERFUMARIA DE NICHO</div><div style=""font-family: 'Inter', sans-serif; font-size: 7.5px; font-style: italic; text-transform: uppercase; letter-spacing: 0.8px; color: #7E786B; opacity: 0.85; margin-bottom: 14px;"">(PERFUMED PLUME AWARDS, FRAGRANCE FOUNDATION AWARDS - FIFI, BASENOTES READER'S AWARDS)</div><div style=""font-style: italic; color: #4A4439; font-size: 13.5px; line-height: 1.75; margin-bottom: 15px;"">Guidance 46 é um Extrait de Parfum magnífico que eleva a assinatura de Quentin Bisch ao ápice da intensidade (46% de óleos). Uma evolução rica e misteriosa que aprofunda o frescor amendoado da avelã e da pera com o calor opulento do osmanthus, sândalo e fava tonka. Uma fragrância hipnótica, de fixação colossal.</div><div style=""border-top: 1px solid #EAE6DB; padding-top: 12px; font-size: 13px; line-height: 1.6; color: #333333;""><strong style=""font-family: 'Playfair Display', Georgia, serif; font-style: italic; font-size: 14.5px; color: #1A3B32; font-weight: 600;"">Ocasiões Recomendadas:</strong> <em>Excelente para grandes eventos, climas frios e ocasiões solenes onde se busca a máxima distinção olfativa com um rastro monumental.<span style=""font-family: 'Playfair Display', Georgia, serif; font-style: italic; font-weight: 600; font-size: 17.5px; color: #1A3B32; margin-left: 3px;"">""</span></em></div></div><div style=""margin-top: 16px; margin-bottom: 25px; display: flex; flex-direction: column; gap: 10px; font-size: 14.5px; line-height: 1.7;""><div style=""position: relative; padding-left: 20px;""><span style=""color: #C5A880; font-weight: bold; font-size: 18px; position: absolute; left: 0; top: -1px;"">•</span><strong>Notas de Saída (5 a 15 min):</strong> <em>Água de Rosas</em>, <em>Pera</em>, <em>Avelã</em>, <em>Amêndoa Amarga</em>, <em>Olíbano</em> e <em>Pimenta Rosa</em></div><div style=""position: relative; padding-left: 20px;""><span style=""color: #C5A880; font-weight: bold; font-size: 18px; position: absolute; left: 0; top: -1px;"">•</span><strong>Notas de Corpo (2 a 6 h):</strong> <em>Rosa</em>, <em>Osmanthus</em>, <em>Açafrão</em> e <em>Jasmim Sambac</em></div><div style=""position: relative; padding-left: 20px;""><span style=""color: #C5A880; font-weight: bold; font-size: 18px; position: absolute; left: 0; top: -1px;"">•</span><strong>Notas de Fundo (6 a 12h+):</strong> <em>Sândalo</em>, <em>Akigalawood</em>, <em>Baunilha</em>, <em>Ambreta</em>, <em>Ládano</em>, <em>Âmbar Cinzento</em>, <em>Georgywood</em> e <em>Nagarmota ou Óleo de Cipriol</em></div></div><p style=""font-family: 'Inter', sans-serif; font-style: italic; font-size: 12.5px; color: #7E786B; border-left: 1.5px solid #C5A880; padding-left: 16px; margin-top: 25px; line-height: 1.7; letter-spacing: 0.15px;"">Os decantes são uma excelente oportunidade para conhecer e testar fragrâncias exclusivas antes de investir em um frasco cheio. Nossos decantes são fracionados de forma profissional diretamente do frasco original em porta-perfumes de vidro com borrifador.</p>";decante, Amouage, Guidance 46, importado, perfume;Decante Guidance 46 - Amouage | Original Montalk;Compre decante original de Guidance 46 - Amouage fracionado em 2ml, 5ml ou 10ml na Montalk. Envio rápido para todo o Brasil.;Amouage;SIM;;;;
decante-amouage-guidance-46;;;Volumetria;5ml;;;;;100.00;;0.03;3;11;16;5;DEC-AMOU-GUIDANCE46-5ML;;;NÃO;;;;;;SIM;;;;
decante-amouage-guidance-46;;;Volumetria;10ml;;;;;180.00;;0.05;5;11;16;5;DEC-AMOU-GUIDANCE46-10ML;;;NÃO;;;;;;SIM;;;;
decante-amouage-jubilation-25;Decante Jubilation 25 - Amouage;Decantes > Amouage;Volumetria;2ml;;;;;50.00;;0.02;2;11;16;5;DEC-AMOU-JUBILATION25-2ML;;SIM;NÃO;"<p><strong>JUBILATION 25</strong> de <strong>AMOUAGE</strong> é um perfume <em>Oriental Floral Feminino</em> lançado em <strong>2007</strong>. <em>O perfumista</em> que assina esta fragrância é <strong>Lucas Sieuzac</strong>.</p><div style=""background: #FAF9F6; padding: 22px; border-radius: 0 8px 8px 0; border-left: 4px solid #C5A880; margin-top: 15px; margin-bottom: 25px;""><div style=""font-family: 'Playfair Display', Georgia, serif; font-size: 17.5px; font-style: italic; font-weight: 600; color: #1A3B32; margin-bottom: 3px;"">""A perspectiva de ÇaFleureBon...</div><div style=""font-family: 'Inter', sans-serif; font-size: 9px; text-transform: uppercase; letter-spacing: 0.8px; color: #7E786B; margin-bottom: 3px;"">PERSPECTIVA EDITORIAL DO BLOG CRÍTICO MAIS PREMIADO DA PERFUMARIA DE NICHO</div><div style=""font-family: 'Inter', sans-serif; font-size: 7.5px; font-style: italic; text-transform: uppercase; letter-spacing: 0.8px; color: #7E786B; opacity: 0.85; margin-bottom: 14px;"">(PERFUMED PLUME AWARDS, FRAGRANCE FOUNDATION AWARDS - FIFI, BASENOTES READER'S AWARDS)</div><div style=""font-style: italic; color: #4A4439; font-size: 13.5px; line-height: 1.75; margin-bottom: 15px;"">Jubilation 25 é um clássico moderno e aristocrático sob a assinatura de Lucas Sieuzac. A fragrância funde a acidez frutada e licorosa da amora com o misticismo resinoso do olíbano, repousando sobre uma base sagrada de opoponax, mirra e patchouli amadeirado. Um aroma teatral, denso e de realeza absoluta.</div><div style=""border-top: 1px solid #EAE6DB; padding-top: 12px; font-size: 13px; line-height: 1.6; color: #333333;""><strong style=""font-family: 'Playfair Display', Georgia, serif; font-style: italic; font-size: 14.5px; color: #1A3B32; font-weight: 600;"">Ocasiões Recomendadas:</strong> <em>Ideal para noites de gala, jantares formais sofisticados em climas amenos e frios, onde se busca projetar uma presença aristocrática, opulenta e de luxo absoluto.<span style=""font-family: 'Playfair Display', Georgia, serif; font-style: italic; font-weight: 600; font-size: 17.5px; color: #1A3B32; margin-left: 3px;"">""</span></em></div></div><div style=""margin-top: 16px; margin-bottom: 25px; display: flex; flex-direction: column; gap: 10px; font-size: 14.5px; line-height: 1.7;""><div style=""position: relative; padding-left: 20px;""><span style=""color: #C5A880; font-weight: bold; font-size: 18px; position: absolute; left: 0; top: -1px;"">•</span><strong>Notas de Saída (5 a 15 min):</strong> <em>Ylang Ylang</em>, <em>Rosa</em>, <em>Estragão</em> e <em>Limão</em></div><div style=""position: relative; padding-left: 20px;""><span style=""color: #C5A880; font-weight: bold; font-size: 18px; position: absolute; left: 0; top: -1px;"">•</span><strong>Notas de Corpo (2 a 6 h):</strong> <em>Incenso</em>, <em>Rosa</em>, <em>Ládano</em> e <em>Artemísia</em></div><div style=""position: relative; padding-left: 20px;""><span style=""color: #C5A880; font-weight: bold; font-size: 18px; position: absolute; left: 0; top: -1px;"">•</span><strong>Notas de Fundo (6 a 12h+):</strong> <em>Mirra</em>, <em>Âmbar</em>, <em>Patchouli</em>, <em>Vetiver</em> e <em>Almíscar</em></div></div><p style=""font-family: 'Inter', sans-serif; font-style: italic; font-size: 12.5px; color: #7E786B; border-left: 1.5px solid #C5A880; padding-left: 16px; margin-top: 25px; line-height: 1.7; letter-spacing: 0.15px;"">Os decantes são uma excelente oportunidade para conhecer e testar fragrâncias exclusivas antes de investir em um frasco cheio. Nossos decantes são fracionados de forma profissional diretamente do frasco original em porta-perfumes de vidro com borrifador.</p>";decante, Amouage, Jubilation 25, importado, perfume;Decante Jubilation 25 - Amouage | Original Montalk;Compre decante original de Jubilation 25 - Amouage fracionado em 2ml, 5ml ou 10ml na Montalk. Envio rápido para todo o Brasil.;Amouage;SIM;;;;
decante-amouage-jubilation-25;;;Volumetria;5ml;;;;;100.00;;0.03;3;11;16;5;DEC-AMOU-JUBILATION25-5ML;;;NÃO;;;;;;SIM;;;;
decante-amouage-jubilation-25;;;Volumetria;10ml;;;;;180.00;;0.05;5;11;16;5;DEC-AMOU-JUBILATION25-10ML;;;NÃO;;;;;;SIM;;;;
decante-amouage-jubilation-40;Decante Jubilation 40 - Amouage;Decantes > Amouage;Volumetria;2ml;;;;;50.00;;0.02;2;11;16;5;DEC-AMOU-JUBILATION40-2ML;;SIM;NÃO;"<p><strong>JUBILATION 40</strong> de <strong>AMOUAGE</strong> é um perfume <em>Oriental Amadeirado Masculino</em> lançado em <strong>2023</strong>. <em>O perfumista</em> que assina esta fragrância é <strong>Bertrand Duchaufour</strong>.</p><div style=""background: #FAF9F6; padding: 22px; border-radius: 0 8px 8px 0; border-left: 4px solid #C5A880; margin-top: 15px; margin-bottom: 25px;""><div style=""font-family: 'Playfair Display', Georgia, serif; font-size: 17.5px; font-style: italic; font-weight: 600; color: #1A3B32; margin-bottom: 3px;"">""A perspectiva de ÇaFleureBon...</div><div style=""font-family: 'Inter', sans-serif; font-size: 9px; text-transform: uppercase; letter-spacing: 0.8px; color: #7E786B; margin-bottom: 3px;"">PERSPECTIVA EDITORIAL DO BLOG CRÍTICO MAIS PREMIADO DA PERFUMARIA DE NICHO</div><div style=""font-family: 'Inter', sans-serif; font-size: 7.5px; font-style: italic; text-transform: uppercase; letter-spacing: 0.8px; color: #7E786B; opacity: 0.85; margin-bottom: 14px;"">(PERFUMED PLUME AWARDS, FRAGRANCE FOUNDATION AWARDS - FIFI, BASENOTES READER'S AWARDS)</div><div style=""font-style: italic; color: #4A4439; font-size: 13.5px; line-height: 1.75; margin-bottom: 15px;"">Jubilation 40 eleva a obra-prima de Bertrand Duchaufour ao ápice da potência luxuosa com 40% de concentração. O perfume aprofunda o acorde frutado e picante de amora e alecrim, fundindo-se a um corpo amadeirado e resinoso de mel e canela sobre uma base majestosa de mirra e opoponax. Um néctar divino de fixação colossal.</div><div style=""border-top: 1px solid #EAE6DB; padding-top: 12px; font-size: 13px; line-height: 1.6; color: #333333;""><strong style=""font-family: 'Playfair Display', Georgia, serif; font-style: italic; font-size: 14.5px; color: #1A3B32; font-weight: 600;"">Ocasiões Recomendadas:</strong> <em>Excelente para ocasiões solenes, grandes eventos em noites frias e encontros de prestígio onde a máxima elegância e um rastro opulento e eterno são exigidos.<span style=""font-family: 'Playfair Display', Georgia, serif; font-style: italic; font-weight: 600; font-size: 17.5px; color: #1A3B32; margin-left: 3px;"">""</span></em></div></div><div style=""margin-top: 16px; margin-bottom: 25px; display: flex; flex-direction: column; gap: 10px; font-size: 14.5px; line-height: 1.7;""><div style=""position: relative; padding-left: 20px;""><span style=""color: #C5A880; font-weight: bold; font-size: 18px; position: absolute; left: 0; top: -1px;"">•</span><strong>Notas de Saída (5 a 15 min):</strong> <em>Cereja Preta</em>, <em>Groselha</em> e <em>Coentro</em></div><div style=""position: relative; padding-left: 20px;""><span style=""color: #C5A880; font-weight: bold; font-size: 18px; position: absolute; left: 0; top: -1px;"">•</span><strong>Notas de Corpo (2 a 6 h):</strong> <em>Mel</em>, <em>Canela</em> e <em>Louro</em></div><div style=""position: relative; padding-left: 20px;""><span style=""color: #C5A880; font-weight: bold; font-size: 18px; position: absolute; left: 0; top: -1px;"">•</span><strong>Notas de Fundo (6 a 12h+):</strong> <em>Oud</em>, <em>Patchouli</em>, <em>Mirra</em> e <em>Musgo de Carvalho</em></div></div><p style=""font-family: 'Inter', sans-serif; font-style: italic; font-size: 12.5px; color: #7E786B; border-left: 1.5px solid #C5A880; padding-left: 16px; margin-top: 25px; line-height: 1.7; letter-spacing: 0.15px;"">Os decantes são uma excelente oportunidade para conhecer e testar fragrâncias exclusivas antes de investir em um frasco cheio. Nossos decantes são fracionados de forma profissional diretamente do frasco original em porta-perfumes de vidro com borrifador.</p>";decante, Amouage, Jubilation 40, importado, perfume;Decante Jubilation 40 - Amouage | Original Montalk;Compre decante original de Jubilation 40 - Amouage fracionado em 2ml, 5ml ou 10ml na Montalk. Envio rápido para todo o Brasil.;Amouage;SIM;;;;
decante-amouage-jubilation-40;;;Volumetria;5ml;;;;;100.00;;0.03;3;11;16;5;DEC-AMOU-JUBILATION40-5ML;;;NÃO;;;;;;SIM;;;;
decante-amouage-jubilation-40;;;Volumetria;10ml;;;;;180.00;;0.05;5;11;16;5;DEC-AMOU-JUBILATION40-10ML;;;NÃO;;;;;;SIM;;;;
decante-amouage-interlude-man;Decante Interlude Man - Amouage;Decantes > Amouage;Volumetria;2ml;;;;;56.00;;0.02;2;11;16;5;DEC-AMOU-INTERLUDEMAN-2ML;;SIM;NÃO;"<p><strong>INTERLUDE MAN</strong> de <strong>AMOUAGE</strong> é um perfume <em>Oriental Amadeirado Masculino</em> lançado em <strong>2012</strong>. <em>O perfumista</em> que assina esta fragrância é <strong>Pierre Negrin</strong>.</p><div style=""background: #FAF9F6; padding: 22px; border-radius: 0 8px 8px 0; border-left: 4px solid #C5A880; margin-top: 15px; margin-bottom: 25px;""><div style=""font-family: 'Playfair Display', Georgia, serif; font-size: 17.5px; font-style: italic; font-weight: 600; color: #1A3B32; margin-bottom: 3px;"">""A perspectiva de ÇaFleureBon...</div><div style=""font-family: 'Inter', sans-serif; font-size: 9px; text-transform: uppercase; letter-spacing: 0.8px; color: #7E786B; margin-bottom: 3px;"">PERSPECTIVA EDITORIAL DO BLOG CRÍTICO MAIS PREMIADO DA PERFUMARIA DE NICHO</div><div style=""font-family: 'Inter', sans-serif; font-size: 7.5px; font-style: italic; text-transform: uppercase; letter-spacing: 0.8px; color: #7E786B; opacity: 0.85; margin-bottom: 14px;"">(PERFUMED PLUME AWARDS, FRAGRANCE FOUNDATION AWARDS - FIFI, BASENOTES READER'S AWARDS)</div><div style=""font-style: italic; color: #4A4439; font-size: 13.5px; line-height: 1.75; margin-bottom: 15px;"">Apelidado de 'Besta Azul', Interlude Man é uma criação de Pierre Negrin que equilibra o calor picante de orégano e pimenta com o misticismo sombrio do incenso e o adocicado do âmbar. O perfume repousa sobre uma base viril de couro e madeira de oud, criando um jogo hipnótico de fumaça, calor e extremo poder olfativo.</div><div style=""border-top: 1px solid #EAE6DB; padding-top: 12px; font-size: 13px; line-height: 1.6; color: #333333;""><strong style=""font-family: 'Playfair Display', Georgia, serif; font-style: italic; font-size: 14.5px; color: #1A3B32; font-weight: 600;"">Ocasiões Recomendadas:</strong> <em>Ideal para climas frios, noites de inverno e eventos ao ar livre onde se busca exalar uma presença misteriosa, magnética e de extremo poder olfativo.<span style=""font-family: 'Playfair Display', Georgia, serif; font-style: italic; font-weight: 600; font-size: 17.5px; color: #1A3B32; margin-left: 3px;"">""</span></em></div></div><div style=""margin-top: 16px; margin-bottom: 25px; display: flex; flex-direction: column; gap: 10px; font-size: 14.5px; line-height: 1.7;""><div style=""position: relative; padding-left: 20px;""><span style=""color: #C5A880; font-weight: bold; font-size: 18px; position: absolute; left: 0; top: -1px;"">•</span><strong>Notas de Saída (5 a 15 min):</strong> <em>Orégano</em>, <em>Pimenta</em> e <em>Bergamota</em></div><div style=""position: relative; padding-left: 20px;""><span style=""color: #C5A880; font-weight: bold; font-size: 18px; position: absolute; left: 0; top: -1px;"">•</span><strong>Notas de Corpo (2 a 6 h):</strong> <em>Incenso</em>, <em>Opoponax</em> e <em>Âmbar</em></div><div style=""position: relative; padding-left: 20px;""><span style=""color: #C5A880; font-weight: bold; font-size: 18px; position: absolute; left: 0; top: -1px;"">•</span><strong>Notas de Fundo (6 a 12h+):</strong> <em>Couro</em>, <em>Oud</em>, <em>Sândalo</em> e <em>Patchouli</em></div></div><p style=""font-family: 'Inter', sans-serif; font-style: italic; font-size: 12.5px; color: #7E786B; border-left: 1.5px solid #C5A880; padding-left: 16px; margin-top: 25px; line-height: 1.7; letter-spacing: 0.15px;"">Os decantes são uma excelente oportunidade para conhecer e testar fragrâncias exclusivas antes de investir em um frasco cheio. Nossos decantes são fracionados de forma profissional diretamente do frasco original em porta-perfumes de vidro com borrifador.</p>";decante, Amouage, Interlude Man, importado, perfume;Decante Interlude Man - Amouage | Original Montalk;Compre decante original de Interlude Man - Amouage fracionado em 2ml, 5ml ou 10ml na Montalk. Envio rápido para todo o Brasil.;Amouage;SIM;;;;42.00
decante-amouage-interlude-man;;;Volumetria;5ml;;;;;112.00;;0.03;3;11;16;5;DEC-AMOU-INTERLUDEMAN-5ML;;;NÃO;;;;;;SIM;;;;60.00
decante-amouage-interlude-man;;;Volumetria;10ml;;;;;202.00;;0.05;5;11;16;5;DEC-AMOU-INTERLUDEMAN-10ML;;;NÃO;;;;;;SIM;;;;90.00
decante-amouage-interlude-53;Decante Interlude 53 - Amouage;Decantes > Amouage;Volumetria;2ml;;;;;50.00;;0.02;2;11;16;5;DEC-AMOU-INTERLUDE53-2ML;;SIM;NÃO;"<p><strong>INTERLUDE 53</strong> de <strong>AMOUAGE</strong> é um perfume <em>Oriental Amadeirado Masculino</em> lançado em <strong>2020</strong>. <em>O perfumista</em> que assina esta fragrância é <strong>Pierre Negrin</strong>.</p><div style=""background: #FAF9F6; padding: 22px; border-radius: 0 8px 8px 0; border-left: 4px solid #C5A880; margin-top: 15px; margin-bottom: 25px;""><div style=""font-family: 'Playfair Display', Georgia, serif; font-size: 17.5px; font-style: italic; font-weight: 600; color: #1A3B32; margin-bottom: 3px;"">""A perspectiva de ÇaFleureBon...</div><div style=""font-family: 'Inter', sans-serif; font-size: 9px; text-transform: uppercase; letter-spacing: 0.8px; color: #7E786B; margin-bottom: 3px;"">PERSPECTIVA EDITORIAL DO BLOG CRÍTICO MAIS PREMIADO DA PERFUMARIA DE NICHO</div><div style=""font-family: 'Inter', sans-serif; font-size: 7.5px; font-style: italic; text-transform: uppercase; letter-spacing: 0.8px; color: #7E786B; opacity: 0.85; margin-bottom: 14px;"">(PERFUMED PLUME AWARDS, FRAGRANCE FOUNDATION AWARDS - FIFI, BASENOTES READER'S AWARDS)</div><div style=""font-style: italic; color: #4A4439; font-size: 13.5px; line-height: 1.75; margin-bottom: 15px;"">Interlude 53 eleva o clássico Amouage a uma dimensão tridimensional. Com 53% de óleos puros, é mais profundo e macio. O aroma equilibra o misticismo sombrio do incenso com o calor do orégano e a riqueza de uma base de couro e resinas animalíticas imponentes. Uma obra de arte tridimensional moderna.</div><div style=""border-top: 1px solid #EAE6DB; padding-top: 12px; font-size: 13px; line-height: 1.6; color: #333333;""><strong style=""font-family: 'Playfair Display', Georgia, serif; font-style: italic; font-size: 14.5px; color: #1A3B32; font-weight: 600;"">Ocasiões Recomendadas:</strong> <em>Ideal para noites frias de outono e inverno, encontros noturnos sofisticados ou eventos formais que exigem uma presença magnética e de extremo luxo.<span style=""font-family: 'Playfair Display', Georgia, serif; font-style: italic; font-weight: 600; font-size: 17.5px; color: #1A3B32; margin-left: 3px;"">""</span></em></div></div><div style=""margin-top: 16px; margin-bottom: 25px; display: flex; flex-direction: column; gap: 10px; font-size: 14.5px; line-height: 1.7;""><div style=""position: relative; padding-left: 20px;""><span style=""color: #C5A880; font-weight: bold; font-size: 18px; position: absolute; left: 0; top: -1px;"">•</span><strong>Notas de Saída (5 a 15 min):</strong> <em>Orégano</em>, <em>Pimenta da Jamaica</em> e <em>Bergamota</em></div><div style=""position: relative; padding-left: 20px;""><span style=""color: #C5A880; font-weight: bold; font-size: 18px; position: absolute; left: 0; top: -1px;"">•</span><strong>Notas de Corpo (2 a 6 h):</strong> <em>Incenso</em>, <em>Âmbar</em>, <em>Opoponax</em> e <em>Ládano</em></div><div style=""position: relative; padding-left: 20px;""><span style=""color: #C5A880; font-weight: bold; font-size: 18px; position: absolute; left: 0; top: -1px;"">•</span><strong>Notas de Fundo (6 a 12h+):</strong> <em>Fumaça</em>, <em>Agarwood (Oud)</em>, <em>Couro</em>, <em>Patchouli</em> e <em>Sândalo</em></div></div><p style=""font-family: 'Inter', sans-serif; font-style: italic; font-size: 12.5px; color: #7E786B; border-left: 1.5px solid #C5A880; padding-left: 16px; margin-top: 25px; line-height: 1.7; letter-spacing: 0.15px;"">Os decantes são uma excelente oportunidade para conhecer e testar fragrâncias exclusivas antes de investir em um frasco cheio. Nossos decantes são fracionados de forma profissional diretamente do frasco original em porta-perfumes de vidro com borrifador.</p>";decante, Amouage, Interlude 53, importado, perfume;Decante Interlude 53 - Amouage | Original Montalk;Compre decante original de Interlude 53 - Amouage fracionado em 2ml, 5ml ou 10ml na Montalk. Envio rápido para todo o Brasil.;Amouage;SIM;;;;
decante-amouage-interlude-53;;;Volumetria;5ml;;;;;100.00;;0.03;3;11;16;5;DEC-AMOU-INTERLUDE53-5ML;;;NÃO;;;;;;SIM;;;;
decante-amouage-interlude-53;;;Volumetria;10ml;;;;;180.00;;0.05;5;11;16;5;DEC-AMOU-INTERLUDE53-10ML;;;NÃO;;;;;;SIM;;;;
decante-amouage-interlude-black-iris;Decante Interlude Black Iris - Amouage;Decantes > Amouage;Volumetria;2ml;;;;;50.00;;0.02;2;11;16;5;DEC-AMOU-INTERLUDEBLA-2ML;;SIM;NÃO;"<p><strong>INTERLUDE BLACK IRIS</strong> de <strong>AMOUAGE</strong> é um perfume <em>Oriental Amadeirado Masculino</em> lançado em <strong>2020</strong>. <em>O perfumista</em> que assina esta fragrância é <strong>Pierre Negrin</strong>.</p><div style=""background: #FAF9F6; padding: 22px; border-radius: 0 8px 8px 0; border-left: 4px solid #C5A880; margin-top: 15px; margin-bottom: 25px;""><div style=""font-family: 'Playfair Display', Georgia, serif; font-size: 17.5px; font-style: italic; font-weight: 600; color: #1A3B32; margin-bottom: 3px;"">""A perspectiva de ÇaFleureBon...</div><div style=""font-family: 'Inter', sans-serif; font-size: 9px; text-transform: uppercase; letter-spacing: 0.8px; color: #7E786B; margin-bottom: 3px;"">PERSPECTIVA EDITORIAL DO BLOG CRÍTICO MAIS PREMIADO DA PERFUMARIA DE NICHO</div><div style=""font-family: 'Inter', sans-serif; font-size: 7.5px; font-style: italic; text-transform: uppercase; letter-spacing: 0.8px; color: #7E786B; opacity: 0.85; margin-bottom: 14px;"">(PERFUMED PLUME AWARDS, FRAGRANCE FOUNDATION AWARDS - FIFI, BASENOTES READER'S AWARDS)</div><div style=""font-style: italic; color: #4A4439; font-size: 13.5px; line-height: 1.75; margin-bottom: 15px;"">Interlude Black Iris é uma evolução poética e aveludada do clássico de Pierre Negrin. O perfume suaviza o caos original de fumaça, fundindo a folha de violeta e alecrim a um coração cremoso de orris atalcado e mirra, repousando sobre a base imponente e amadeirada de couro, sândalo e oud. Uma obra de arte refinada.</div><div style=""border-top: 1px solid #EAE6DB; padding-top: 12px; font-size: 13px; line-height: 1.6; color: #333333;""><strong style=""font-family: 'Playfair Display', Georgia, serif; font-style: italic; font-size: 14.5px; color: #1A3B32; font-weight: 600;"">Ocasiões Recomendadas:</strong> <em>Excelente para encontros formais sofisticados, noites de outono e inverno ou ocasiões de prestígio onde se busca uma presença marcante, aveludada e misteriosa.<span style=""font-family: 'Playfair Display', Georgia, serif; font-style: italic; font-weight: 600; font-size: 17.5px; color: #1A3B32; margin-left: 3px;"">""</span></em></div></div><div style=""margin-top: 16px; margin-bottom: 25px; display: flex; flex-direction: column; gap: 10px; font-size: 14.5px; line-height: 1.7;""><div style=""position: relative; padding-left: 20px;""><span style=""color: #C5A880; font-weight: bold; font-size: 18px; position: absolute; left: 0; top: -1px;"">•</span><strong>Notas de Saída (5 a 15 min):</strong> <em>Folha de Violeta</em>, <em>Alecrim</em> e <em>Bergamota</em></div><div style=""position: relative; padding-left: 20px;""><span style=""color: #C5A880; font-weight: bold; font-size: 18px; position: absolute; left: 0; top: -1px;"">•</span><strong>Notas de Corpo (2 a 6 h):</strong> <em>Íris</em>, <em>Incenso</em> e <em>Mirra</em></div><div style=""position: relative; padding-left: 20px;""><span style=""color: #C5A880; font-weight: bold; font-size: 18px; position: absolute; left: 0; top: -1px;"">•</span><strong>Notas de Fundo (6 a 12h+):</strong> <em>Couro</em>, <em>Oud</em>, <em>Sândalo</em> e <em>Patchouli</em></div></div><p style=""font-family: 'Inter', sans-serif; font-style: italic; font-size: 12.5px; color: #7E786B; border-left: 1.5px solid #C5A880; padding-left: 16px; margin-top: 25px; line-height: 1.7; letter-spacing: 0.15px;"">Os decantes são uma excelente oportunidade para conhecer e testar fragrâncias exclusivas antes de investir em um frasco cheio. Nossos decantes são fracionados de forma profissional diretamente do frasco original em porta-perfumes de vidro com borrifador.</p>";decante, Amouage, Interlude Black Iris, importado, perfume;Decante Interlude Black Iris - Amouage | Original Montalk;Compre decante original de Interlude Black Iris - Amouage fracionado em 2ml, 5ml ou 10ml na Montalk. Envio rápido para todo o Brasil.;Amouage;SIM;;;;
decante-amouage-interlude-black-iris;;;Volumetria;5ml;;;;;100.00;;0.03;3;11;16;5;DEC-AMOU-INTERLUDEBLA-5ML;;;NÃO;;;;;;SIM;;;;
decante-amouage-interlude-black-iris;;;Volumetria;10ml;;;;;180.00;;0.05;5;11;16;5;DEC-AMOU-INTERLUDEBLA-10ML;;;NÃO;;;;;;SIM;;;;
decante-amouage-meander;Decante Meander - Amouage;Decantes > Amouage;Volumetria;2ml;;;;;50.00;;0.02;2;11;16;5;DEC-AMOU-MEANDER-2ML;;SIM;NÃO;"<p><strong>MEANDER</strong> de <strong>AMOUAGE</strong> é um perfume <em>Oriental Amadeirado Compartilhável (Unissex)</em> lançado em <strong>2020</strong>. <em>O perfumista</em> que assina esta fragrância é <strong>Mackenzie Reilly</strong>.</p><div style=""background: #FAF9F6; padding: 22px; border-radius: 0 8px 8px 0; border-left: 4px solid #C5A880; margin-top: 15px; margin-bottom: 25px;""><div style=""font-family: 'Playfair Display', Georgia, serif; font-size: 17.5px; font-style: italic; font-weight: 600; color: #1A3B32; margin-bottom: 3px;"">""A perspectiva de ÇaFleureBon...</div><div style=""font-family: 'Inter', sans-serif; font-size: 9px; text-transform: uppercase; letter-spacing: 0.8px; color: #7E786B; margin-bottom: 3px;"">PERSPECTIVA EDITORIAL DO BLOG CRÍTICO MAIS PREMIADO DA PERFUMARIA DE NICHO</div><div style=""font-family: 'Inter', sans-serif; font-size: 7.5px; font-style: italic; text-transform: uppercase; letter-spacing: 0.8px; color: #7E786B; opacity: 0.85; margin-bottom: 14px;"">(PERFUMED PLUME AWARDS, FRAGRANCE FOUNDATION AWARDS - FIFI, BASENOTES READER'S AWARDS)</div><div style=""font-style: italic; color: #4A4439; font-size: 13.5px; line-height: 1.75; margin-bottom: 15px;"">Inspirado pela beleza das névoas de Salalah, Meander é uma criação meditativa de Mackenzie Reilly. O perfume explora o contraste entre o frescor picante da semente de cenoura e um coração cremoso e atalcado de orris, repousando sobre uma base macia de sândalo e incenso de olíbano. Um aroma aveludado e sofisticado.</div><div style=""border-top: 1px solid #EAE6DB; padding-top: 12px; font-size: 13px; line-height: 1.6; color: #333333;""><strong style=""font-family: 'Playfair Display', Georgia, serif; font-style: italic; font-size: 14.5px; color: #1A3B32; font-weight: 600;"">Ocasiões Recomendadas:</strong> <em>Perfeito para climas amenos, encontros diurnos ou jantares íntimos onde se deseja exalar uma aura de serenidade, elegância sussurrada e luxo discreto.<span style=""font-family: 'Playfair Display', Georgia, serif; font-style: italic; font-weight: 600; font-size: 17.5px; color: #1A3B32; margin-left: 3px;"">""</span></em></div></div><div style=""margin-top: 16px; margin-bottom: 25px; display: flex; flex-direction: column; gap: 10px; font-size: 14.5px; line-height: 1.7;""><div style=""position: relative; padding-left: 20px;""><span style=""color: #C5A880; font-weight: bold; font-size: 18px; position: absolute; left: 0; top: -1px;"">•</span><strong>Notas de Saída (5 a 15 min):</strong> <em>Olíbano</em>, <em>Pimenta Rosa</em> e <em>Cenoura</em></div><div style=""position: relative; padding-left: 20px;""><span style=""color: #C5A880; font-weight: bold; font-size: 18px; position: absolute; left: 0; top: -1px;"">•</span><strong>Notas de Corpo (2 a 6 h):</strong> <em>Íris</em>, <em>Rosa</em> e <em>Jasmin</em></div><div style=""position: relative; padding-left: 20px;""><span style=""color: #C5A880; font-weight: bold; font-size: 18px; position: absolute; left: 0; top: -1px;"">•</span><strong>Notas de Fundo (6 a 12h+):</strong> <em>Sândalo</em>, <em>Vetiver</em> e <em>Vetiver de Madagascar</em></div></div><p style=""font-family: 'Inter', sans-serif; font-style: italic; font-size: 12.5px; color: #7E786B; border-left: 1.5px solid #C5A880; padding-left: 16px; margin-top: 25px; line-height: 1.7; letter-spacing: 0.15px;"">Os decantes são uma excelente oportunidade para conhecer e testar fragrâncias exclusivas antes de investir em um frasco cheio. Nossos decantes são fracionados de forma profissional diretamente do frasco original em porta-perfumes de vidro com borrifador.</p>";decante, Amouage, Meander, importado, perfume;Decante Meander - Amouage | Original Montalk;Compre decante original de Meander - Amouage fracionado em 2ml, 5ml ou 10ml na Montalk. Envio rápido para todo o Brasil.;Amouage;SIM;;;;
decante-amouage-meander;;;Volumetria;5ml;;;;;100.00;;0.03;3;11;16;5;DEC-AMOU-MEANDER-5ML;;;NÃO;;;;;;SIM;;;;
decante-amouage-meander;;;Volumetria;10ml;;;;;180.00;;0.05;5;11;16;5;DEC-AMOU-MEANDER-10ML;;;NÃO;;;;;;SIM;;;;
decante-amouage-reflection-man;Decante Reflection Man - Amouage;Decantes > Amouage;Volumetria;2ml;;;;;50.00;;0.02;2;11;16;5;DEC-AMOU-REFLECTIONMA-2ML;;SIM;NÃO;"<p><strong>REFLECTION MAN</strong> de <strong>AMOUAGE</strong> é um perfume <em>Amadeirado Floral Masculino</em> lançado em <strong>2007</strong>. <em>O perfumista</em> que assina esta fragrância é <strong>Lucas Sieuzac</strong>.</p><div style=""background: #FAF9F6; padding: 22px; border-radius: 0 8px 8px 0; border-left: 4px solid #C5A880; margin-top: 15px; margin-bottom: 25px;""><div style=""font-family: 'Playfair Display', Georgia, serif; font-size: 17.5px; font-style: italic; font-weight: 600; color: #1A3B32; margin-bottom: 3px;"">""A perspectiva de ÇaFleureBon...</div><div style=""font-family: 'Inter', sans-serif; font-size: 9px; text-transform: uppercase; letter-spacing: 0.8px; color: #7E786B; margin-bottom: 3px;"">PERSPECTIVA EDITORIAL DO BLOG CRÍTICO MAIS PREMIADO DA PERFUMARIA DE NICHO</div><div style=""font-family: 'Inter', sans-serif; font-size: 7.5px; font-style: italic; text-transform: uppercase; letter-spacing: 0.8px; color: #7E786B; opacity: 0.85; margin-bottom: 14px;"">(PERFUMED PLUME AWARDS, FRAGRANCE FOUNDATION AWARDS - FIFI, BASENOTES READER'S AWARDS)</div><div style=""font-style: italic; color: #4A4439; font-size: 13.5px; line-height: 1.75; margin-bottom: 15px;"">Reflection Man é a definição de elegância fresca e atemporal sob a assinatura de Lucas Sieuzac. A fragrância abre com o brilho floral limpo de néroli e jasmim, fundindo-se a um coração cremoso de orris e repousando sobre uma base amadeirada nobre de sândalo e cedro. Um aroma refinado de extremo prestígio.</div><div style=""border-top: 1px solid #EAE6DB; padding-top: 12px; font-size: 13px; line-height: 1.6; color: #333333;""><strong style=""font-family: 'Playfair Display', Georgia, serif; font-style: italic; font-size: 14.5px; color: #1A3B32; font-weight: 600;"">Ocasiões Recomendadas:</strong> <em>Excelente para encontros românticos, ambientes corporativos de alto nível, casamentos e uso diurno sofisticado em climas moderados.<span style=""font-family: 'Playfair Display', Georgia, serif; font-style: italic; font-weight: 600; font-size: 17.5px; color: #1A3B32; margin-left: 3px;"">""</span></em></div></div><div style=""margin-top: 16px; margin-bottom: 25px; display: flex; flex-direction: column; gap: 10px; font-size: 14.5px; line-height: 1.7;""><div style=""position: relative; padding-left: 20px;""><span style=""color: #C5A880; font-weight: bold; font-size: 18px; position: absolute; left: 0; top: -1px;"">•</span><strong>Notas de Saída (5 a 15 min):</strong> <em>Alecrim</em>, <em>Pimenta Rosa</em> e <em>Petitgrain</em></div><div style=""position: relative; padding-left: 20px;""><span style=""color: #C5A880; font-weight: bold; font-size: 18px; position: absolute; left: 0; top: -1px;"">•</span><strong>Notas de Corpo (2 a 6 h):</strong> <em>Jasmim</em>, <em>Néroli</em> e <em>Raiz de Íris</em></div><div style=""position: relative; padding-left: 20px;""><span style=""color: #C5A880; font-weight: bold; font-size: 18px; position: absolute; left: 0; top: -1px;"">•</span><strong>Notas de Fundo (6 a 12h+):</strong> <em>Sândalo</em>, <em>Cedro</em>, <em>Vetiver</em> e <em>Patchouli</em></div></div><p style=""font-family: 'Inter', sans-serif; font-style: italic; font-size: 12.5px; color: #7E786B; border-left: 1.5px solid #C5A880; padding-left: 16px; margin-top: 25px; line-height: 1.7; letter-spacing: 0.15px;"">Os decantes são uma excelente oportunidade para conhecer e testar fragrâncias exclusivas antes de investir em um frasco cheio. Nossos decantes são fracionados de forma profissional diretamente do frasco original em porta-perfumes de vidro com borrifador.</p>";decante, Amouage, Reflection Man, importado, perfume;Decante Reflection Man - Amouage | Original Montalk;Compre decante original de Reflection Man - Amouage fracionado em 2ml, 5ml ou 10ml na Montalk. Envio rápido para todo o Brasil.;Amouage;SIM;;;;
decante-amouage-reflection-man;;;Volumetria;5ml;;;;;100.00;;0.03;3;11;16;5;DEC-AMOU-REFLECTIONMA-5ML;;;NÃO;;;;;;SIM;;;;
decante-amouage-reflection-man;;;Volumetria;10ml;;;;;180.00;;0.05;5;11;16;5;DEC-AMOU-REFLECTIONMA-10ML;;;NÃO;;;;;;SIM;;;;
decante-amouage-reflection-45;Decante Reflection 45 - Amouage;Decantes > Amouage;Volumetria;2ml;;;;;50.00;;0.02;2;11;16;5;DEC-AMOU-REFLECTION45-2ML;;SIM;NÃO;"<p><strong>REFLECTION 45</strong> de <strong>AMOUAGE</strong> é um perfume <em>Amadeirado Floral Masculino</em> lançado em <strong>2021</strong>. <em>O perfumista</em> que assina esta fragrância é <strong>Lucas Sieuzac</strong>.</p><div style=""margin-top: 16px; margin-bottom: 25px; display: flex; flex-direction: column; gap: 10px; font-size: 14.5px; line-height: 1.7;""><div style=""position: relative; padding-left: 20px;""><span style=""color: #C5A880; font-weight: bold; font-size: 18px; position: absolute; left: 0; top: -1px;"">•</span><strong>Notas de Saída (5 a 15 min):</strong> <em>Alecrim</em>, <em>Lavanda</em> e <em>Cardamomo</em></div><div style=""position: relative; padding-left: 20px;""><span style=""color: #C5A880; font-weight: bold; font-size: 18px; position: absolute; left: 0; top: -1px;"">•</span><strong>Notas de Corpo (2 a 6 h):</strong> <em>Jasmim</em>, <em>Néroli</em> e <em>Íris</em></div><div style=""position: relative; padding-left: 20px;""><span style=""color: #C5A880; font-weight: bold; font-size: 18px; position: absolute; left: 0; top: -1px;"">•</span><strong>Notas de Fundo (6 a 12h+):</strong> <em>Sândalo</em>, <em>Patchouli</em>, <em>Cedro</em> e <em>Fava Tonka</em></div></div><p style=""font-family: 'Inter', sans-serif; font-style: italic; font-size: 12.5px; color: #7E786B; border-left: 1.5px solid #C5A880; padding-left: 16px; margin-top: 25px; line-height: 1.7; letter-spacing: 0.15px;"">Os decantes são uma excelente oportunidade para conhecer e testar fragrâncias exclusivas antes de investir em um frasco cheio. Nossos decantes são fracionados de forma profissional diretamente do frasco original em porta-perfumes de vidro com borrifador.</p>";decante, Amouage, Reflection 45, importado, perfume;Decante Reflection 45 - Amouage | Original Montalk;Compre decante original de Reflection 45 - Amouage fracionado em 2ml, 5ml ou 10ml na Montalk. Envio rápido para todo o Brasil.;Amouage;SIM;;;;
decante-amouage-reflection-45;;;Volumetria;5ml;;;;;100.00;;0.03;3;11;16;5;DEC-AMOU-REFLECTION45-5ML;;;NÃO;;;;;;SIM;;;;
decante-amouage-reflection-45;;;Volumetria;10ml;;;;;180.00;;0.05;5;11;16;5;DEC-AMOU-REFLECTION45-10ML;;;NÃO;;;;;;SIM;;;;
decante-amouage-outlands;Decante Outlands - Amouage;Decantes > Amouage;Volumetria;2ml;;;;;50.00;;0.02;2;11;16;5;DEC-AMOU-OUTLANDS-2ML;;SIM;NÃO;"<p><strong>OUTLANDS</strong> de <strong>AMOUAGE</strong> é um perfume <em>Oriental Amadeirado Compartilhável (Unissex)</em> lançado em <strong>2024</strong>. <em>O perfumista</em> que assina esta fragrância é <strong>Cecile Zarokian</strong>.</p><div style=""margin-top: 16px; margin-bottom: 25px; display: flex; flex-direction: column; gap: 10px; font-size: 14.5px; line-height: 1.7;""><div style=""position: relative; padding-left: 20px;""><span style=""color: #C5A880; font-weight: bold; font-size: 18px; position: absolute; left: 0; top: -1px;"">•</span><strong>Notas de Saída (5 a 15 min):</strong> <em>Pimenta</em>, <em>Limão</em> e <em>Especiarias</em></div><div style=""position: relative; padding-left: 20px;""><span style=""color: #C5A880; font-weight: bold; font-size: 18px; position: absolute; left: 0; top: -1px;"">•</span><strong>Notas de Corpo (2 a 6 h):</strong> <em>Incenso</em>, <em>Rosa</em> e <em>Cedro</em></div><div style=""position: relative; padding-left: 20px;""><span style=""color: #C5A880; font-weight: bold; font-size: 18px; position: absolute; left: 0; top: -1px;"">•</span><strong>Notas de Fundo (6 a 12h+):</strong> <em>Oud</em>, <em>Sândalo</em> e <em>Âmbar</em></div></div><p style=""font-family: 'Inter', sans-serif; font-style: italic; font-size: 12.5px; color: #7E786B; border-left: 1.5px solid #C5A880; padding-left: 16px; margin-top: 25px; line-height: 1.7; letter-spacing: 0.15px;"">Os decantes são uma excelente oportunidade para conhecer e testar fragrâncias exclusivas antes de investir em um frasco cheio. Nossos decantes são fracionados de forma profissional diretamente do frasco original em porta-perfumes de vidro com borrifador.</p>";decante, Amouage, Outlands, importado, perfume;Decante Outlands - Amouage | Original Montalk;Compre decante original de Outlands - Amouage fracionado em 2ml, 5ml ou 10ml na Montalk. Envio rápido para todo o Brasil.;Amouage;SIM;;;;
decante-amouage-outlands;;;Volumetria;5ml;;;;;100.00;;0.03;3;11;16;5;DEC-AMOU-OUTLANDS-5ML;;;NÃO;;;;;;SIM;;;;
decante-amouage-outlands;;;Volumetria;10ml;;;;;180.00;;0.05;5;11;16;5;DEC-AMOU-OUTLANDS-10ML;;;NÃO;;;;;;SIM;;;;
decante-byredo-bal-dafrique-absolu;Decante Bal d'Afrique Absolu - Byredo;Decantes > Byredo;Volumetria;2ml;;;;;50.00;;0.02;2;11;16;5;DEC-BYRE-BALDAFRIQUEA-2ML;;SIM;NÃO;"<p><strong>BAL D'AFRIQUE ABSOLU</strong> de <strong>BYREDO</strong> é um perfume <em>Amadeirado Cítrico Compartilhável (Unissex)</em> lançado em <strong>2024</strong>. <em>O perfumista</em> que assina esta fragrância é <strong>Jerome Epinette</strong>.</p><div style=""margin-top: 16px; margin-bottom: 25px; display: flex; flex-direction: column; gap: 10px; font-size: 14.5px; line-height: 1.7;""><div style=""position: relative; padding-left: 20px;""><span style=""color: #C5A880; font-weight: bold; font-size: 18px; position: absolute; left: 0; top: -1px;"">•</span><strong>Notas de Saída (5 a 15 min):</strong> <em>Limão de Amalfi</em>, <em>Calêndula</em> e <em>Groselha Preta</em></div><div style=""position: relative; padding-left: 20px;""><span style=""color: #C5A880; font-weight: bold; font-size: 18px; position: absolute; left: 0; top: -1px;"">•</span><strong>Notas de Corpo (2 a 6 h):</strong> <em>Violeta</em>, <em>Ciclame</em> e <em>Jasmim</em></div><div style=""position: relative; padding-left: 20px;""><span style=""color: #C5A880; font-weight: bold; font-size: 18px; position: absolute; left: 0; top: -1px;"">•</span><strong>Notas de Fundo (6 a 12h+):</strong> <em>Vetiver</em>, <em>Âmbar</em> e <em>Almíscar</em></div></div><p style=""font-family: 'Inter', sans-serif; font-style: italic; font-size: 12.5px; color: #7E786B; border-left: 1.5px solid #C5A880; padding-left: 16px; margin-top: 25px; line-height: 1.7; letter-spacing: 0.15px;"">Os decantes são uma excelente oportunidade para conhecer e testar fragrâncias exclusivas antes de investir em um frasco cheio. Nossos decantes são fracionados de forma profissional diretamente do frasco original em porta-perfumes de vidro com borrifador.</p>";decante, Byredo, Bal d'Afrique Absolu, importado, perfume;Decante Bal d'Afrique Absolu - Byredo | Original Montalk;Compre decante original de Bal d'Afrique Absolu - Byredo fracionado em 2ml, 5ml ou 10ml na Montalk. Envio rápido para todo o Brasil.;Byredo;SIM;;;;
decante-byredo-bal-dafrique-absolu;;;Volumetria;5ml;;;;;100.00;;0.03;3;11;16;5;DEC-BYRE-BALDAFRIQUEA-5ML;;;NÃO;;;;;;SIM;;;;
decante-byredo-bal-dafrique-absolu;;;Volumetria;10ml;;;;;180.00;;0.05;5;11;16;5;DEC-BYRE-BALDAFRIQUEA-10ML;;;NÃO;;;;;;SIM;;;;
decante-byredo-gypsy-water;Decante Gypsy Water - Byredo;Decantes > Byredo;Volumetria;2ml;;;;;50.00;;0.02;2;11;16;5;DEC-BYRE-GYPSYWATER-2ML;;SIM;NÃO;"<p><strong>GYPSY WATER</strong> de <strong>BYREDO</strong> é um perfume <em>Amadeirado Aromático Compartilhável (Unissex)</em> lançado em <strong>2008</strong>. <em>O perfumista</em> que assina esta fragrância é <strong>Jerome Epinette</strong>.</p><div style=""margin-top: 16px; margin-bottom: 25px; display: flex; flex-direction: column; gap: 10px; font-size: 14.5px; line-height: 1.7;""><div style=""position: relative; padding-left: 20px;""><span style=""color: #C5A880; font-weight: bold; font-size: 18px; position: absolute; left: 0; top: -1px;"">•</span><strong>Notas de Saída (5 a 15 min):</strong> <em>Zimbro</em>, <em>Limão</em> e <em>Pimenta</em></div><div style=""position: relative; padding-left: 20px;""><span style=""color: #C5A880; font-weight: bold; font-size: 18px; position: absolute; left: 0; top: -1px;"">•</span><strong>Notas de Corpo (2 a 6 h):</strong> <em>Agulhas de Pinho</em>, <em>Incenso</em> e <em>Raiz de Íris</em></div><div style=""position: relative; padding-left: 20px;""><span style=""color: #C5A880; font-weight: bold; font-size: 18px; position: absolute; left: 0; top: -1px;"">•</span><strong>Notas de Fundo (6 a 12h+):</strong> <em>Sândalo</em>, <em>Baunilha</em> e <em>Âmbar</em></div></div><p style=""font-family: 'Inter', sans-serif; font-style: italic; font-size: 12.5px; color: #7E786B; border-left: 1.5px solid #C5A880; padding-left: 16px; margin-top: 25px; line-height: 1.7; letter-spacing: 0.15px;"">Os decantes são uma excelente oportunidade para conhecer e testar fragrâncias exclusivas antes de investir em um frasco cheio. Nossos decantes são fracionados de forma profissional diretamente do frasco original em porta-perfumes de vidro com borrifador.</p>";decante, Byredo, Gypsy Water, importado, perfume;Decante Gypsy Water - Byredo | Original Montalk;Compre decante original de Gypsy Water - Byredo fracionado em 2ml, 5ml ou 10ml na Montalk. Envio rápido para todo o Brasil.;Byredo;SIM;;;;
decante-byredo-gypsy-water;;;Volumetria;5ml;;;;;100.00;;0.03;3;11;16;5;DEC-BYRE-GYPSYWATER-5ML;;;NÃO;;;;;;SIM;;;;
decante-byredo-gypsy-water;;;Volumetria;10ml;;;;;180.00;;0.05;5;11;16;5;DEC-BYRE-GYPSYWATER-10ML;;;NÃO;;;;;;SIM;;;;
decante-byredo-mojave-ghost;Decante Mojave Ghost - Byredo;Decantes > Byredo;Volumetria;2ml;;;;;50.00;;0.02;2;11;16;5;DEC-BYRE-MOJAVEGHOST-2ML;;SIM;NÃO;"<p><strong>MOJAVE GHOST</strong> de <strong>BYREDO</strong> é um perfume <em>Floral Amadeirado Compartilhável (Unissex)</em> lançado em <strong>2014</strong>. <em>O perfumista</em> que assina esta fragrância é <strong>Jerome Epinette</strong>.</p><div style=""margin-top: 16px; margin-bottom: 25px; display: flex; flex-direction: column; gap: 10px; font-size: 14.5px; line-height: 1.7;""><div style=""position: relative; padding-left: 20px;""><span style=""color: #C5A880; font-weight: bold; font-size: 18px; position: absolute; left: 0; top: -1px;"">•</span><strong>Notas de Saída (5 a 15 min):</strong> <em>Sapodilla</em> e <em>Ambreta</em></div><div style=""position: relative; padding-left: 20px;""><span style=""color: #C5A880; font-weight: bold; font-size: 18px; position: absolute; left: 0; top: -1px;"">•</span><strong>Notas de Corpo (2 a 6 h):</strong> <em>Violeta</em>, <em>Sândalo</em> e <em>Magnólia</em></div><div style=""position: relative; padding-left: 20px;""><span style=""color: #C5A880; font-weight: bold; font-size: 18px; position: absolute; left: 0; top: -1px;"">•</span><strong>Notas de Fundo (6 a 12h+):</strong> <em>Almíscar</em>, <em>Âmbar Cinzento</em> e <em>Cedro</em></div></div><p style=""font-family: 'Inter', sans-serif; font-style: italic; font-size: 12.5px; color: #7E786B; border-left: 1.5px solid #C5A880; padding-left: 16px; margin-top: 25px; line-height: 1.7; letter-spacing: 0.15px;"">Os decantes são uma excelente oportunidade para conhecer e testar fragrâncias exclusivas antes de investir em um frasco cheio. Nossos decantes são fracionados de forma profissional diretamente do frasco original em porta-perfumes de vidro com borrifador.</p>";decante, Byredo, Mojave Ghost, importado, perfume;Decante Mojave Ghost - Byredo | Original Montalk;Compre decante original de Mojave Ghost - Byredo fracionado em 2ml, 5ml ou 10ml na Montalk. Envio rápido para todo o Brasil.;Byredo;SIM;;;;
decante-byredo-mojave-ghost;;;Volumetria;5ml;;;;;100.00;;0.03;3;11;16;5;DEC-BYRE-MOJAVEGHOST-5ML;;;NÃO;;;;;;SIM;;;;
decante-byredo-mojave-ghost;;;Volumetria;10ml;;;;;180.00;;0.05;5;11;16;5;DEC-BYRE-MOJAVEGHOST-10ML;;;NÃO;;;;;;SIM;;;;
decante-byredo-vanille-antique;Decante Vanille Antique - Byredo;Decantes > Byredo;Volumetria;2ml;;;;;50.00;;0.02;2;11;16;5;DEC-BYRE-VANILLEANTIQ-2ML;;SIM;NÃO;"<p><strong>VANILLE ANTIQUE</strong> de <strong>BYREDO</strong> é um perfume <em>Oriental Amadeirado Compartilhável (Unissex)</em> lançado em <strong>2022</strong>. <em>O perfumista</em> que assina esta fragrância é <strong>Jérôme Epinette</strong>.</p><div style=""margin-top: 16px; margin-bottom: 25px; display: flex; flex-direction: column; gap: 10px; font-size: 14.5px; line-height: 1.7;""><div style=""position: relative; padding-left: 20px;""><span style=""color: #C5A880; font-weight: bold; font-size: 18px; position: absolute; left: 0; top: -1px;"">•</span><strong>Notas de Saída (5 a 15 min):</strong> <em>Almíscar</em> e <em>Ameixa</em></div><div style=""position: relative; padding-left: 20px;""><span style=""color: #C5A880; font-weight: bold; font-size: 18px; position: absolute; left: 0; top: -1px;"">•</span><strong>Notas de Corpo (2 a 6 h):</strong> <em>Madeira Branca</em> e <em>Ládano</em></div><div style=""position: relative; padding-left: 20px;""><span style=""color: #C5A880; font-weight: bold; font-size: 18px; position: absolute; left: 0; top: -1px;"">•</span><strong>Notas de Fundo (6 a 12h+):</strong> <em>Baunilha</em> e <em>Âmbar</em></div></div><p style=""font-family: 'Inter', sans-serif; font-style: italic; font-size: 12.5px; color: #7E786B; border-left: 1.5px solid #C5A880; padding-left: 16px; margin-top: 25px; line-height: 1.7; letter-spacing: 0.15px;"">Os decantes são uma excelente oportunidade para conhecer e testar fragrâncias exclusivas antes de investir em um frasco cheio. Nossos decantes são fracionados de forma profissional diretamente do frasco original em porta-perfumes de vidro com borrifador.</p>";decante, Byredo, Vanille Antique, importado, perfume;Decante Vanille Antique - Byredo | Original Montalk;Compre decante original de Vanille Antique - Byredo fracionado em 2ml, 5ml ou 10ml na Montalk. Envio rápido para todo o Brasil.;Byredo;SIM;;;;
decante-byredo-vanille-antique;;;Volumetria;5ml;;;;;100.00;;0.03;3;11;16;5;DEC-BYRE-VANILLEANTIQ-5ML;;;NÃO;;;;;;SIM;;;;
decante-byredo-vanille-antique;;;Volumetria;10ml;;;;;180.00;;0.05;5;11;16;5;DEC-BYRE-VANILLEANTIQ-10ML;;;NÃO;;;;;;SIM;;;;
decante-bvlgari-le-gemme-tygar;Decante Tygar - Bvlgari Le Gemme;Decantes > Bvlgari Le Gemme;Volumetria;2ml;;;;;50.00;;0.02;2;11;16;5;DEC-BVLG-TYGAR-2ML;;SIM;NÃO;"<p><strong>TYGAR</strong> de <strong>BVLGARI LE GEMME</strong> é um perfume <em>Cítrico Aromático Masculino</em> lançado em <strong>2016</strong>. <em>O perfumista</em> que assina esta fragrância é <strong>Jacques Cavallier</strong>.</p><div style=""margin-top: 16px; margin-bottom: 25px; display: flex; flex-direction: column; gap: 10px; font-size: 14.5px; line-height: 1.7;""><div style=""position: relative; padding-left: 20px;""><span style=""color: #C5A880; font-weight: bold; font-size: 18px; position: absolute; left: 0; top: -1px;"">•</span><strong>Notas de Saída (5 a 15 min):</strong> <em>Toranja</em></div><div style=""position: relative; padding-left: 20px;""><span style=""color: #C5A880; font-weight: bold; font-size: 18px; position: absolute; left: 0; top: -1px;"">•</span><strong>Notas de Corpo (2 a 6 h):</strong> <em>Gengibre</em> e <em>Ambreta</em></div><div style=""position: relative; padding-left: 20px;""><span style=""color: #C5A880; font-weight: bold; font-size: 18px; position: absolute; left: 0; top: -1px;"">•</span><strong>Notas de Fundo (6 a 12h+):</strong> <em>Ambroxan</em> e <em>Notas Amadeiradas</em></div></div><p style=""font-family: 'Inter', sans-serif; font-style: italic; font-size: 12.5px; color: #7E786B; border-left: 1.5px solid #C5A880; padding-left: 16px; margin-top: 25px; line-height: 1.7; letter-spacing: 0.15px;"">Os decantes são uma excelente oportunidade para conhecer e testar fragrâncias exclusivas antes de investir em um frasco cheio. Nossos decantes são fracionados de forma profissional diretamente do frasco original em porta-perfumes de vidro com borrifador.</p>";decante, Bvlgari Le Gemme, Tygar, importado, perfume;Decante Tygar - Bvlgari Le Gemme | Original Montalk;Compre decante original de Tygar - Bvlgari Le Gemme fracionado em 2ml, 5ml ou 10ml na Montalk. Envio rápido para todo o Brasil.;Bvlgari Le Gemme;SIM;;;;
decante-bvlgari-le-gemme-tygar;;;Volumetria;5ml;;;;;100.00;;0.03;3;11;16;5;DEC-BVLG-TYGAR-5ML;;;NÃO;;;;;;SIM;;;;
decante-bvlgari-le-gemme-tygar;;;Volumetria;10ml;;;;;180.00;;0.05;5;11;16;5;DEC-BVLG-TYGAR-10ML;;;NÃO;;;;;;SIM;;;;
decante-casamorati-mefisto;Decante Mefisto - Casamorati;Decantes > Casamorati;Volumetria;2ml;;;;;50.00;;0.02;2;11;16;5;DEC-CASA-MEFISTO-2ML;;SIM;NÃO;<p>Decante do perfume de nicho <strong>Mefisto</strong> da grife <strong>Casamorati</strong>.</p><p>Os decantes são uma excelente oportunidade para conhecer e testar fragrâncias exclusivas antes de investir em um frasco cheio. Nossos decantes são fracionados de forma profissional diretamente do frasco original em porta-perfumes de vidro com borrifador.</p>;decante, Casamorati, Mefisto, importado, perfume;Decante Mefisto - Casamorati | Original Montalk;Compre decante original de Mefisto - Casamorati fracionado em 2ml, 5ml ou 10ml na Montalk. Envio rápido para todo o Brasil.;Casamorati;SIM;;;;
decante-casamorati-mefisto;;;Volumetria;5ml;;;;;100.00;;0.03;3;11;16;5;DEC-CASA-MEFISTO-5ML;;;NÃO;;;;;;SIM;;;;
decante-casamorati-mefisto;;;Volumetria;10ml;;;;;180.00;;0.05;5;11;16;5;DEC-CASA-MEFISTO-10ML;;;NÃO;;;;;;SIM;;;;
decante-casamorati-lira;Decante Lira - Casamorati;Decantes > Casamorati;Volumetria;2ml;;;;;50.00;;0.02;2;11;16;5;DEC-CASA-LIRA-2ML;;SIM;NÃO;<p>Decante do perfume de nicho <strong>Lira</strong> da grife <strong>Casamorati</strong>.</p><p>Os decantes são uma excelente oportunidade para conhecer e testar fragrâncias exclusivas antes de investir em um frasco cheio. Nossos decantes são fracionados de forma profissional diretamente do frasco original em porta-perfumes de vidro com borrifador.</p>;decante, Casamorati, Lira, importado, perfume;Decante Lira - Casamorati | Original Montalk;Compre decante original de Lira - Casamorati fracionado em 2ml, 5ml ou 10ml na Montalk. Envio rápido para todo o Brasil.;Casamorati;SIM;;;;
decante-casamorati-lira;;;Volumetria;5ml;;;;;100.00;;0.03;3;11;16;5;DEC-CASA-LIRA-5ML;;;NÃO;;;;;;SIM;;;;
decante-casamorati-lira;;;Volumetria;10ml;;;;;180.00;;0.05;5;11;16;5;DEC-CASA-LIRA-10ML;;;NÃO;;;;;;SIM;;;;
decante-chanel-les-exclusifs-1957;Decante 1957 - Chanel Les Exclusifs;Decantes > Chanel Les Exclusifs;Volumetria;2ml;;;;;50.00;;0.02;2;11;16;5;DEC-CHAN-1957-2ML;;SIM;NÃO;<p>Decante do perfume de nicho <strong>1957</strong> da grife <strong>Chanel Les Exclusifs</strong>.</p><p>Os decantes são uma excelente oportunidade para conhecer e testar fragrâncias exclusivas antes de investir em um frasco cheio. Nossos decantes são fracionados de forma profissional diretamente do frasco original em porta-perfumes de vidro com borrifador.</p>;decante, Chanel Les Exclusifs, 1957, importado, perfume;Decante 1957 - Chanel Les Exclusifs | Original Montalk;Compre decante original de 1957 - Chanel Les Exclusifs fracionado em 2ml, 5ml ou 10ml na Montalk. Envio rápido para todo o Brasil.;Chanel Les Exclusifs;SIM;;;;
decante-chanel-les-exclusifs-1957;;;Volumetria;5ml;;;;;100.00;;0.03;3;11;16;5;DEC-CHAN-1957-5ML;;;NÃO;;;;;;SIM;;;;
decante-chanel-les-exclusifs-1957;;;Volumetria;10ml;;;;;180.00;;0.05;5;11;16;5;DEC-CHAN-1957-10ML;;;NÃO;;;;;;SIM;;;;
decante-christian-louboutin-loubidoo;Decante Loubidoo - Christian Louboutin;Decantes > Christian Louboutin;Volumetria;2ml;;;;;50.00;;0.02;2;11;16;5;DEC-CHRI-LOUBIDOO-2ML;;SIM;NÃO;"<p><strong>LOUBIDOO</strong> de <strong>CHRISTIAN LOUBOUTIN</strong> é um perfume <em>Floral Frutado Feminino</em> lançado em <strong>2020</strong>. <em>O perfumista</em> que assina esta fragrância é <strong>Daphne Bugey</strong>.</p><div style=""margin-top: 16px; margin-bottom: 25px; display: flex; flex-direction: column; gap: 10px; font-size: 14.5px; line-height: 1.7;""><div style=""position: relative; padding-left: 20px;""><span style=""color: #C5A880; font-weight: bold; font-size: 18px; position: absolute; left: 0; top: -1px;"">•</span><strong>Notas de Saída (5 a 15 min):</strong> <em>Morango Silvestre</em></div><div style=""position: relative; padding-left: 20px;""><span style=""color: #C5A880; font-weight: bold; font-size: 18px; position: absolute; left: 0; top: -1px;"">•</span><strong>Notas de Corpo (2 a 6 h):</strong> <em>Rosa de Maio</em></div><div style=""position: relative; padding-left: 20px;""><span style=""color: #C5A880; font-weight: bold; font-size: 18px; position: absolute; left: 0; top: -1px;"">•</span><strong>Notas de Fundo (6 a 12h+):</strong> <em>Cedro</em></div></div><p style=""font-family: 'Inter', sans-serif; font-style: italic; font-size: 12.5px; color: #7E786B; border-left: 1.5px solid #C5A880; padding-left: 16px; margin-top: 25px; line-height: 1.7; letter-spacing: 0.15px;"">Os decantes são uma excelente oportunidade para conhecer e testar fragrâncias exclusivas antes de investir em um frasco cheio. Nossos decantes são fracionados de forma profissional diretamente do frasco original em porta-perfumes de vidro com borrifador.</p>";decante, Christian Louboutin, Loubidoo, importado, perfume;Decante Loubidoo - Christian Louboutin | Original Montalk;Compre decante original de Loubidoo - Christian Louboutin fracionado em 2ml, 5ml ou 10ml na Montalk. Envio rápido para todo o Brasil.;Christian Louboutin;SIM;;;;
decante-christian-louboutin-loubidoo;;;Volumetria;5ml;;;;;100.00;;0.03;3;11;16;5;DEC-CHRI-LOUBIDOO-5ML;;;NÃO;;;;;;SIM;;;;
decante-christian-louboutin-loubidoo;;;Volumetria;10ml;;;;;180.00;;0.05;5;11;16;5;DEC-CHRI-LOUBIDOO-10ML;;;NÃO;;;;;;SIM;;;;
decante-christian-louboutin-loubirouge;Decante Loubirouge - Christian Louboutin;Decantes > Christian Louboutin;Volumetria;2ml;;;;;50.00;;0.02;2;11;16;5;DEC-CHRI-LOUBIROUGE-2ML;;SIM;NÃO;"<p><strong>LOUBIROUGE</strong> de <strong>CHRISTIAN LOUBOUTIN</strong> é um perfume <em>Oriental Especiado Feminino</em> lançado em <strong>2020</strong>. <em>O perfumista</em> que assina esta fragrância é <strong>Marie Salamagne</strong>.</p><div style=""margin-top: 16px; margin-bottom: 25px; display: flex; flex-direction: column; gap: 10px; font-size: 14.5px; line-height: 1.7;""><div style=""position: relative; padding-left: 20px;""><span style=""color: #C5A880; font-weight: bold; font-size: 18px; position: absolute; left: 0; top: -1px;"">•</span><strong>Notas de Saída (5 a 15 min):</strong> <em>Cardamomo</em></div><div style=""position: relative; padding-left: 20px;""><span style=""color: #C5A880; font-weight: bold; font-size: 18px; position: absolute; left: 0; top: -1px;"">•</span><strong>Notas de Corpo (2 a 6 h):</strong> <em>Íris</em></div><div style=""position: relative; padding-left: 20px;""><span style=""color: #C5A880; font-weight: bold; font-size: 18px; position: absolute; left: 0; top: -1px;"">•</span><strong>Notas de Fundo (6 a 12h+):</strong> <em>Baunilha</em></div></div><p style=""font-family: 'Inter', sans-serif; font-style: italic; font-size: 12.5px; color: #7E786B; border-left: 1.5px solid #C5A880; padding-left: 16px; margin-top: 25px; line-height: 1.7; letter-spacing: 0.15px;"">Os decantes são uma excelente oportunidade para conhecer e testar fragrâncias exclusivas antes de investir em um frasco cheio. Nossos decantes são fracionados de forma profissional diretamente do frasco original em porta-perfumes de vidro com borrifador.</p>";decante, Christian Louboutin, Loubirouge, importado, perfume;Decante Loubirouge - Christian Louboutin | Original Montalk;Compre decante original de Loubirouge - Christian Louboutin fracionado em 2ml, 5ml ou 10ml na Montalk. Envio rápido para todo o Brasil.;Christian Louboutin;SIM;;;;
decante-christian-louboutin-loubirouge;;;Volumetria;5ml;;;;;100.00;;0.03;3;11;16;5;DEC-CHRI-LOUBIROUGE-5ML;;;NÃO;;;;;;SIM;;;;
decante-christian-louboutin-loubirouge;;;Volumetria;10ml;;;;;180.00;;0.05;5;11;16;5;DEC-CHRI-LOUBIROUGE-10ML;;;NÃO;;;;;;SIM;;;;
decante-clive-christian-1872-feminino;Decante 1872 Feminino - Clive Christian;Decantes > Clive Christian;Volumetria;2ml;;;;;50.00;;0.02;2;11;16;5;DEC-CLIV-1872FEMININO-2ML;;SIM;NÃO;"<p><strong>1872 FEMININO</strong> de <strong>CLIVE CHRISTIAN</strong> é um perfume <em>Floral Frutado Feminino</em> lançado em <strong>2001</strong>. <em>O perfumista</em> que assina esta fragrância é <strong>Geza Schoen</strong>.</p><div style=""margin-top: 16px; margin-bottom: 25px; display: flex; flex-direction: column; gap: 10px; font-size: 14.5px; line-height: 1.7;""><div style=""position: relative; padding-left: 20px;""><span style=""color: #C5A880; font-weight: bold; font-size: 18px; position: absolute; left: 0; top: -1px;"">•</span><strong>Notas de Saída (5 a 15 min):</strong> <em>Bergamota</em>, <em>Limão</em> e <em>Tangerina</em></div><div style=""position: relative; padding-left: 20px;""><span style=""color: #C5A880; font-weight: bold; font-size: 18px; position: absolute; left: 0; top: -1px;"">•</span><strong>Notas de Corpo (2 a 6 h):</strong> <em>Rosa de Maio</em>, <em>Jasmim</em> e <em>Orquídea</em></div><div style=""position: relative; padding-left: 20px;""><span style=""color: #C5A880; font-weight: bold; font-size: 18px; position: absolute; left: 0; top: -1px;"">•</span><strong>Notas de Fundo (6 a 12h+):</strong> <em>Sândalo</em>, <em>Musgo de Carvalho</em> e <em>Almíscar</em></div></div><p style=""font-family: 'Inter', sans-serif; font-style: italic; font-size: 12.5px; color: #7E786B; border-left: 1.5px solid #C5A880; padding-left: 16px; margin-top: 25px; line-height: 1.7; letter-spacing: 0.15px;"">Os decantes são uma excelente oportunidade para conhecer e testar fragrâncias exclusivas antes de investir em um frasco cheio. Nossos decantes são fracionados de forma profissional diretamente do frasco original em porta-perfumes de vidro com borrifador.</p>";decante, Clive Christian, 1872 Feminino, importado, perfume;Decante 1872 Feminino - Clive Christian | Original Montalk;Compre decante original de 1872 Feminino - Clive Christian fracionado em 2ml, 5ml ou 10ml na Montalk. Envio rápido para todo o Brasil.;Clive Christian;SIM;;;;
decante-clive-christian-1872-feminino;;;Volumetria;5ml;;;;;100.00;;0.03;3;11;16;5;DEC-CLIV-1872FEMININO-5ML;;;NÃO;;;;;;SIM;;;;
decante-clive-christian-1872-feminino;;;Volumetria;10ml;;;;;180.00;;0.05;5;11;16;5;DEC-CLIV-1872FEMININO-10ML;;;NÃO;;;;;;SIM;;;;
decante-clive-christian-1872-masculino;Decante 1872 Masculino - Clive Christian;Decantes > Clive Christian;Volumetria;2ml;;;;;50.00;;0.02;2;11;16;5;DEC-CLIV-1872MASCULIN-2ML;;SIM;NÃO;"<p><strong>1872 MASCULINO</strong> de <strong>CLIVE CHRISTIAN</strong> é um perfume <em>Cítrico Aromático Masculino</em> lançado em <strong>2001</strong>. <em>O perfumista</em> que assina esta fragrância é <strong>Geza Schoen</strong>.</p><div style=""margin-top: 16px; margin-bottom: 25px; display: flex; flex-direction: column; gap: 10px; font-size: 14.5px; line-height: 1.7;""><div style=""position: relative; padding-left: 20px;""><span style=""color: #C5A880; font-weight: bold; font-size: 18px; position: absolute; left: 0; top: -1px;"">•</span><strong>Notas de Saída (5 a 15 min):</strong> <em>Lima</em>, <em>Toranja</em> e <em>Petitgrain</em></div><div style=""position: relative; padding-left: 20px;""><span style=""color: #C5A880; font-weight: bold; font-size: 18px; position: absolute; left: 0; top: -1px;"">•</span><strong>Notas de Corpo (2 a 6 h):</strong> <em>Sálvia</em>, <em>Cilantro</em> e <em>Lavanda</em></div><div style=""position: relative; padding-left: 20px;""><span style=""color: #C5A880; font-weight: bold; font-size: 18px; position: absolute; left: 0; top: -1px;"">•</span><strong>Notas de Fundo (6 a 12h+):</strong> <em>Cedro</em>, <em>Sândalo</em> e <em>Âmbar</em></div></div><p style=""font-family: 'Inter', sans-serif; font-style: italic; font-size: 12.5px; color: #7E786B; border-left: 1.5px solid #C5A880; padding-left: 16px; margin-top: 25px; line-height: 1.7; letter-spacing: 0.15px;"">Os decantes são uma excelente oportunidade para conhecer e testar fragrâncias exclusivas antes de investir em um frasco cheio. Nossos decantes são fracionados de forma profissional diretamente do frasco original em porta-perfumes de vidro com borrifador.</p>";decante, Clive Christian, 1872 Masculino, importado, perfume;Decante 1872 Masculino - Clive Christian | Original Montalk;Compre decante original de 1872 Masculino - Clive Christian fracionado em 2ml, 5ml ou 10ml na Montalk. Envio rápido para todo o Brasil.;Clive Christian;SIM;;;;
decante-clive-christian-1872-masculino;;;Volumetria;5ml;;;;;100.00;;0.03;3;11;16;5;DEC-CLIV-1872MASCULIN-5ML;;;NÃO;;;;;;SIM;;;;
decante-clive-christian-1872-masculino;;;Volumetria;10ml;;;;;180.00;;0.05;5;11;16;5;DEC-CLIV-1872MASCULIN-10ML;;;NÃO;;;;;;SIM;;;;
decante-clive-christian-amberwood;Decante Amberwood - Clive Christian;Decantes > Clive Christian;Volumetria;2ml;;;;;50.00;;0.02;2;11;16;5;DEC-CLIV-AMBERWOOD-2ML;;SIM;NÃO;"<p><strong>AMBERWOOD</strong> de <strong>CLIVE CHRISTIAN</strong> é um perfume <em>Oriental Amadeirado Compartilhável (Unissex)</em> lançado em <strong>2022</strong>. <em>O perfumista</em> que assina esta fragrância é <strong>Membro da Clive</strong>.</p><div style=""margin-top: 16px; margin-bottom: 25px; display: flex; flex-direction: column; gap: 10px; font-size: 14.5px; line-height: 1.7;""><div style=""position: relative; padding-left: 20px;""><span style=""color: #C5A880; font-weight: bold; font-size: 18px; position: absolute; left: 0; top: -1px;"">•</span><strong>Notas de Saída (5 a 15 min):</strong> <em>Sálvia</em> e <em>Bergamota</em></div><div style=""position: relative; padding-left: 20px;""><span style=""color: #C5A880; font-weight: bold; font-size: 18px; position: absolute; left: 0; top: -1px;"">•</span><strong>Notas de Corpo (2 a 6 h):</strong> <em>Madeira de Âmbar</em> e <em>Madeira Branca</em></div><div style=""position: relative; padding-left: 20px;""><span style=""color: #C5A880; font-weight: bold; font-size: 18px; position: absolute; left: 0; top: -1px;"">•</span><strong>Notas de Fundo (6 a 12h+):</strong> <em>Vetiver</em> e <em>Patchouli</em></div></div><p style=""font-family: 'Inter', sans-serif; font-style: italic; font-size: 12.5px; color: #7E786B; border-left: 1.5px solid #C5A880; padding-left: 16px; margin-top: 25px; line-height: 1.7; letter-spacing: 0.15px;"">Os decantes são uma excelente oportunidade para conhecer e testar fragrâncias exclusivas antes de investir em um frasco cheio. Nossos decantes são fracionados de forma profissional diretamente do frasco original em porta-perfumes de vidro com borrifador.</p>";decante, Clive Christian, Amberwood, importado, perfume;Decante Amberwood - Clive Christian | Original Montalk;Compre decante original de Amberwood - Clive Christian fracionado em 2ml, 5ml ou 10ml na Montalk. Envio rápido para todo o Brasil.;Clive Christian;SIM;;;;
decante-clive-christian-amberwood;;;Volumetria;5ml;;;;;100.00;;0.03;3;11;16;5;DEC-CLIV-AMBERWOOD-5ML;;;NÃO;;;;;;SIM;;;;
decante-clive-christian-amberwood;;;Volumetria;10ml;;;;;180.00;;0.05;5;11;16;5;DEC-CLIV-AMBERWOOD-10ML;;;NÃO;;;;;;SIM;;;;
decante-clive-christian-blonde-amber;Decante Blonde Amber - Clive Christian;Decantes > Clive Christian;Volumetria;2ml;;;;;50.00;;0.02;2;11;16;5;DEC-CLIV-BLONDEAMBER-2ML;;SIM;NÃO;"<p><strong>BLONDE AMBER</strong> de <strong>CLIVE CHRISTIAN</strong> é um perfume <em>Oriental Ambarado Compartilhável (Unissex)</em> lançado em <strong>2022</strong>. <em>O perfumista</em> que assina esta fragrância é <strong>Membro da Clive</strong>.</p><div style=""margin-top: 16px; margin-bottom: 25px; display: flex; flex-direction: column; gap: 10px; font-size: 14.5px; line-height: 1.7;""><div style=""position: relative; padding-left: 20px;""><span style=""color: #C5A880; font-weight: bold; font-size: 18px; position: absolute; left: 0; top: -1px;"">•</span><strong>Notas de Saída (5 a 15 min):</strong> <em>Rum</em>, <em>Gengibre</em> e <em>Cardamomo</em></div><div style=""position: relative; padding-left: 20px;""><span style=""color: #C5A880; font-weight: bold; font-size: 18px; position: absolute; left: 0; top: -1px;"">•</span><strong>Notas de Corpo (2 a 6 h):</strong> <em>Tabaco Loiro</em> e <em>Jasmim Sambac</em></div><div style=""position: relative; padding-left: 20px;""><span style=""color: #C5A880; font-weight: bold; font-size: 18px; position: absolute; left: 0; top: -1px;"">•</span><strong>Notas de Fundo (6 a 12h+):</strong> <em>Âmbar</em>, <em>Mirra</em> e <em>Baunilha</em></div></div><p style=""font-family: 'Inter', sans-serif; font-style: italic; font-size: 12.5px; color: #7E786B; border-left: 1.5px solid #C5A880; padding-left: 16px; margin-top: 25px; line-height: 1.7; letter-spacing: 0.15px;"">Os decantes são uma excelente oportunidade para conhecer e testar fragrâncias exclusivas antes de investir em um frasco cheio. Nossos decantes são fracionados de forma profissional diretamente do frasco original em porta-perfumes de vidro com borrifador.</p>";decante, Clive Christian, Blonde Amber, importado, perfume;Decante Blonde Amber - Clive Christian | Original Montalk;Compre decante original de Blonde Amber - Clive Christian fracionado em 2ml, 5ml ou 10ml na Montalk. Envio rápido para todo o Brasil.;Clive Christian;SIM;;;;
decante-clive-christian-blonde-amber;;;Volumetria;5ml;;;;;100.00;;0.03;3;11;16;5;DEC-CLIV-BLONDEAMBER-5ML;;;NÃO;;;;;;SIM;;;;
decante-clive-christian-blonde-amber;;;Volumetria;10ml;;;;;180.00;;0.05;5;11;16;5;DEC-CLIV-BLONDEAMBER-10ML;;;NÃO;;;;;;SIM;;;;
decante-clive-christian-hedonist;Decante Hedonist - Clive Christian;Decantes > Clive Christian;Volumetria;2ml;;;;;50.00;;0.02;2;11;16;5;DEC-CLIV-HEDONIST-2ML;;SIM;NÃO;"<p><strong>HEDONIST</strong> de <strong>CLIVE CHRISTIAN</strong> é um perfume <em>Oriental Amadeirado Compartilhável (Unissex)</em> lançado em <strong>2020</strong>. <em>O perfumista</em> que assina esta fragrância é <strong>Membro da Clive</strong>.</p><div style=""margin-top: 16px; margin-bottom: 25px; display: flex; flex-direction: column; gap: 10px; font-size: 14.5px; line-height: 1.7;""><div style=""position: relative; padding-left: 20px;""><span style=""color: #C5A880; font-weight: bold; font-size: 18px; position: absolute; left: 0; top: -1px;"">•</span><strong>Notas de Saída (5 a 15 min):</strong> <em>Gengibre</em> e <em>Bergamota</em></div><div style=""position: relative; padding-left: 20px;""><span style=""color: #C5A880; font-weight: bold; font-size: 18px; position: absolute; left: 0; top: -1px;"">•</span><strong>Notas de Corpo (2 a 6 h):</strong> <em>Incenso</em> e <em>Jasmim</em></div><div style=""position: relative; padding-left: 20px;""><span style=""color: #C5A880; font-weight: bold; font-size: 18px; position: absolute; left: 0; top: -1px;"">•</span><strong>Notas de Fundo (6 a 12h+):</strong> <em>Vetiver</em>, <em>Patchouli</em> e <em>Âmbar</em></div></div><p style=""font-family: 'Inter', sans-serif; font-style: italic; font-size: 12.5px; color: #7E786B; border-left: 1.5px solid #C5A880; padding-left: 16px; margin-top: 25px; line-height: 1.7; letter-spacing: 0.15px;"">Os decantes são uma excelente oportunidade para conhecer e testar fragrâncias exclusivas antes de investir em um frasco cheio. Nossos decantes são fracionados de forma profissional diretamente do frasco original em porta-perfumes de vidro com borrifador.</p>";decante, Clive Christian, Hedonist, importado, perfume;Decante Hedonist - Clive Christian | Original Montalk;Compre decante original de Hedonist - Clive Christian fracionado em 2ml, 5ml ou 10ml na Montalk. Envio rápido para todo o Brasil.;Clive Christian;SIM;;;;
decante-clive-christian-hedonist;;;Volumetria;5ml;;;;;100.00;;0.03;3;11;16;5;DEC-CLIV-HEDONIST-5ML;;;NÃO;;;;;;SIM;;;;
decante-clive-christian-hedonist;;;Volumetria;10ml;;;;;180.00;;0.05;5;11;16;5;DEC-CLIV-HEDONIST-10ML;;;NÃO;;;;;;SIM;;;;
decante-clive-christian-no-1-masculino;Decante No. 1 Masculino - Clive Christian;Decantes > Clive Christian;Volumetria;2ml;;;;;50.00;;0.02;2;11;16;5;DEC-CLIV-NO1MASCULINO-2ML;;SIM;NÃO;"<p><strong>NO. 1 MASCULINO</strong> de <strong>CLIVE CHRISTIAN</strong> é um perfume <em>Oriental Amadeirado Masculino</em> lançado em <strong>2001</strong>. <em>O perfumista</em> que assina esta fragrância é <strong>Geza Schoen</strong>.</p><div style=""margin-top: 16px; margin-bottom: 25px; display: flex; flex-direction: column; gap: 10px; font-size: 14.5px; line-height: 1.7;""><div style=""position: relative; padding-left: 20px;""><span style=""color: #C5A880; font-weight: bold; font-size: 18px; position: absolute; left: 0; top: -1px;"">•</span><strong>Notas de Saída (5 a 15 min):</strong> <em>Cardamomo</em>, <em>Damasco</em> e <em>Lima</em></div><div style=""position: relative; padding-left: 20px;""><span style=""color: #C5A880; font-weight: bold; font-size: 18px; position: absolute; left: 0; top: -1px;"">•</span><strong>Notas de Corpo (2 a 6 h):</strong> <em>Lírio-do-Vale</em>, <em>Íris</em> e <em>Rosa de Maio</em></div><div style=""position: relative; padding-left: 20px;""><span style=""color: #C5A880; font-weight: bold; font-size: 18px; position: absolute; left: 0; top: -1px;"">•</span><strong>Notas de Fundo (6 a 12h+):</strong> <em>Sândalo Indiano</em>, <em>Vetiver</em> e <em>Baunilha</em></div></div><p style=""font-family: 'Inter', sans-serif; font-style: italic; font-size: 12.5px; color: #7E786B; border-left: 1.5px solid #C5A880; padding-left: 16px; margin-top: 25px; line-height: 1.7; letter-spacing: 0.15px;"">Os decantes são uma excelente oportunidade para conhecer e testar fragrâncias exclusivas antes de investir em um frasco cheio. Nossos decantes são fracionados de forma profissional diretamente do frasco original em porta-perfumes de vidro com borrifador.</p>";decante, Clive Christian, No. 1 Masculino, importado, perfume;Decante No. 1 Masculino - Clive Christian | Original Montalk;Compre decante original de No. 1 Masculino - Clive Christian fracionado em 2ml, 5ml ou 10ml na Montalk. Envio rápido para todo o Brasil.;Clive Christian;SIM;;;;
decante-clive-christian-no-1-masculino;;;Volumetria;5ml;;;;;100.00;;0.03;3;11;16;5;DEC-CLIV-NO1MASCULINO-5ML;;;NÃO;;;;;;SIM;;;;
decante-clive-christian-no-1-masculino;;;Volumetria;10ml;;;;;180.00;;0.05;5;11;16;5;DEC-CLIV-NO1MASCULINO-10ML;;;NÃO;;;;;;SIM;;;;
decante-clive-christian-town-country;Decante Town & Country - Clive Christian;Decantes > Clive Christian;Volumetria;2ml;;;;;50.00;;0.02;2;11;16;5;DEC-CLIV-TOWNCOUNTRY-2ML;;SIM;NÃO;"<p><strong>TOWN & COUNTRY</strong> de <strong>CLIVE CHRISTIAN</strong> é um perfume <em>Aromático Especiado Compartilhável (Unissex)</em> lançado em <strong>2023</strong>. <em>O perfumista</em> que assina esta fragrância é <strong>Membro da Clive</strong>.</p><div style=""margin-top: 16px; margin-bottom: 25px; display: flex; flex-direction: column; gap: 10px; font-size: 14.5px; line-height: 1.7;""><div style=""position: relative; padding-left: 20px;""><span style=""color: #C5A880; font-weight: bold; font-size: 18px; position: absolute; left: 0; top: -1px;"">•</span><strong>Notas de Saída (5 a 15 min):</strong> <em>Limão Sanguíneo</em> e <em>Sálvia Clary</em></div><div style=""position: relative; padding-left: 20px;""><span style=""color: #C5A880; font-weight: bold; font-size: 18px; position: absolute; left: 0; top: -1px;"">•</span><strong>Notas de Corpo (2 a 6 h):</strong> <em>Manjericão</em> e <em>Alecrim</em></div><div style=""position: relative; padding-left: 20px;""><span style=""color: #C5A880; font-weight: bold; font-size: 18px; position: absolute; left: 0; top: -1px;"">•</span><strong>Notas de Fundo (6 a 12h+):</strong> <em>Sândalo</em> e <em>Âmbar Branco</em></div></div><p style=""font-family: 'Inter', sans-serif; font-style: italic; font-size: 12.5px; color: #7E786B; border-left: 1.5px solid #C5A880; padding-left: 16px; margin-top: 25px; line-height: 1.7; letter-spacing: 0.15px;"">Os decantes são uma excelente oportunidade para conhecer e testar fragrâncias exclusivas antes de investir em um frasco cheio. Nossos decantes são fracionados de forma profissional diretamente do frasco original em porta-perfumes de vidro com borrifador.</p>";decante, Clive Christian, Town & Country, importado, perfume;Decante Town & Country - Clive Christian | Original Montalk;Compre decante original de Town & Country - Clive Christian fracionado em 2ml, 5ml ou 10ml na Montalk. Envio rápido para todo o Brasil.;Clive Christian;SIM;;;;
decante-clive-christian-town-country;;;Volumetria;5ml;;;;;100.00;;0.03;3;11;16;5;DEC-CLIV-TOWNCOUNTRY-5ML;;;NÃO;;;;;;SIM;;;;
decante-clive-christian-town-country;;;Volumetria;10ml;;;;;180.00;;0.05;5;11;16;5;DEC-CLIV-TOWNCOUNTRY-10ML;;;NÃO;;;;;;SIM;;;;
decante-clive-christian-cashmere-musk;Decante Cashmere Musk - Clive Christian;Decantes > Clive Christian;Volumetria;2ml;;;;;50.00;;0.02;2;11;16;5;DEC-CLIV-CASHMEREMUSK-2ML;;SIM;NÃO;"<p><strong>CASHMERE MUSK</strong> de <strong>CLIVE CHRISTIAN</strong> é um perfume <em>Floral Almiscarado Compartilhável (Unissex)</em> lançado em <strong>2019</strong>. <em>O perfumista</em> que assina esta fragrância é <strong>Membro da Clive</strong>.</p><div style=""margin-top: 16px; margin-bottom: 25px; display: flex; flex-direction: column; gap: 10px; font-size: 14.5px; line-height: 1.7;""><div style=""position: relative; padding-left: 20px;""><span style=""color: #C5A880; font-weight: bold; font-size: 18px; position: absolute; left: 0; top: -1px;"">•</span><strong>Notas de Saída (5 a 15 min):</strong> <em>Almíscar Branco</em> e <em>Bergamota</em></div><div style=""position: relative; padding-left: 20px;""><span style=""color: #C5A880; font-weight: bold; font-size: 18px; position: absolute; left: 0; top: -1px;"">•</span><strong>Notas de Corpo (2 a 6 h):</strong> <em>Raiz de Íris</em> e <em>Jasmim</em></div><div style=""position: relative; padding-left: 20px;""><span style=""color: #C5A880; font-weight: bold; font-size: 18px; position: absolute; left: 0; top: -1px;"">•</span><strong>Notas de Fundo (6 a 12h+):</strong> <em>Sândalo</em> e <em>Madeira de Cashmere</em></div></div><p style=""font-family: 'Inter', sans-serif; font-style: italic; font-size: 12.5px; color: #7E786B; border-left: 1.5px solid #C5A880; padding-left: 16px; margin-top: 25px; line-height: 1.7; letter-spacing: 0.15px;"">Os decantes são uma excelente oportunidade para conhecer e testar fragrâncias exclusivas antes de investir em um frasco cheio. Nossos decantes são fracionados de forma profissional diretamente do frasco original em porta-perfumes de vidro com borrifador.</p>";decante, Clive Christian, Cashmere Musk, importado, perfume;Decante Cashmere Musk - Clive Christian | Original Montalk;Compre decante original de Cashmere Musk - Clive Christian fracionado em 2ml, 5ml ou 10ml na Montalk. Envio rápido para todo o Brasil.;Clive Christian;SIM;;;;
decante-clive-christian-cashmere-musk;;;Volumetria;5ml;;;;;100.00;;0.03;3;11;16;5;DEC-CLIV-CASHMEREMUSK-5ML;;;NÃO;;;;;;SIM;;;;
decante-clive-christian-cashmere-musk;;;Volumetria;10ml;;;;;180.00;;0.05;5;11;16;5;DEC-CLIV-CASHMEREMUSK-10ML;;;NÃO;;;;;;SIM;;;;
decante-clive-christian-x-masculino;Decante X Masculino - Clive Christian;Decantes > Clive Christian;Volumetria;2ml;;;;;50.00;;0.02;2;11;16;5;DEC-CLIV-XMASCULINO-2ML;;SIM;NÃO;"<p><strong>X MASCULINO</strong> de <strong>CLIVE CHRISTIAN</strong> é um perfume <em>Amadeirado Chipre Masculino</em> lançado em <strong>2001</strong>. <em>O perfumista</em> que assina esta fragrância é <strong>Geza Schoen</strong>.</p><div style=""margin-top: 16px; margin-bottom: 25px; display: flex; flex-direction: column; gap: 10px; font-size: 14.5px; line-height: 1.7;""><div style=""position: relative; padding-left: 20px;""><span style=""color: #C5A880; font-weight: bold; font-size: 18px; position: absolute; left: 0; top: -1px;"">•</span><strong>Notas de Saída (5 a 15 min):</strong> <em>Abacaxi</em>, <em>Ruibarbo</em> e <em>Cardamomo</em></div><div style=""position: relative; padding-left: 20px;""><span style=""color: #C5A880; font-weight: bold; font-size: 18px; position: absolute; left: 0; top: -1px;"">•</span><strong>Notas de Corpo (2 a 6 h):</strong> <em>Íris</em>, <em>Jasmim</em> e <em>Páprica</em></div><div style=""position: relative; padding-left: 20px;""><span style=""color: #C5A880; font-weight: bold; font-size: 18px; position: absolute; left: 0; top: -1px;"">•</span><strong>Notas de Fundo (6 a 12h+):</strong> <em>Cedro</em>, <em>Vetiver</em>, <em>Musgo de Carvalho</em> e <em>Sândalo</em></div></div><p style=""font-family: 'Inter', sans-serif; font-style: italic; font-size: 12.5px; color: #7E786B; border-left: 1.5px solid #C5A880; padding-left: 16px; margin-top: 25px; line-height: 1.7; letter-spacing: 0.15px;"">Os decantes são uma excelente oportunidade para conhecer e testar fragrâncias exclusivas antes de investir em um frasco cheio. Nossos decantes são fracionados de forma profissional diretamente do frasco original em porta-perfumes de vidro com borrifador.</p>";decante, Clive Christian, X Masculino, importado, perfume;Decante X Masculino - Clive Christian | Original Montalk;Compre decante original de X Masculino - Clive Christian fracionado em 2ml, 5ml ou 10ml na Montalk. Envio rápido para todo o Brasil.;Clive Christian;SIM;;;;
decante-clive-christian-x-masculino;;;Volumetria;5ml;;;;;100.00;;0.03;3;11;16;5;DEC-CLIV-XMASCULINO-5ML;;;NÃO;;;;;;SIM;;;;
decante-clive-christian-x-masculino;;;Volumetria;10ml;;;;;180.00;;0.05;5;11;16;5;DEC-CLIV-XMASCULINO-10ML;;;NÃO;;;;;;SIM;;;;
decante-creed-aventus-absolu;Decante Aventus Absolu - Creed;Decantes > Creed;Volumetria;2ml;;;;;50.00;;0.02;2;11;16;5;DEC-CREE-AVENTUSABSOL-2ML;;SIM;NÃO;"<p><strong>AVENTUS ABSOLU</strong> de <strong>CREED</strong> é um perfume <em>Chipre Frutado Masculino</em> lançado em <strong>2023</strong>. <em>O perfumista</em> que assina esta fragrância é <strong>Erwin Creed</strong>.</p><div style=""margin-top: 16px; margin-bottom: 25px; display: flex; flex-direction: column; gap: 10px; font-size: 14.5px; line-height: 1.7;""><div style=""position: relative; padding-left: 20px;""><span style=""color: #C5A880; font-weight: bold; font-size: 18px; position: absolute; left: 0; top: -1px;"">•</span><strong>Notas de Saída (5 a 15 min):</strong> <em>Toranja</em>, <em>Bergamota</em> e <em>Groselha Preta</em></div><div style=""position: relative; padding-left: 20px;""><span style=""color: #C5A880; font-weight: bold; font-size: 18px; position: absolute; left: 0; top: -1px;"">•</span><strong>Notas de Corpo (2 a 6 h):</strong> <em>Gengibre</em>, <em>Canela</em> e <em>Cardamomo</em></div><div style=""position: relative; padding-left: 20px;""><span style=""color: #C5A880; font-weight: bold; font-size: 18px; position: absolute; left: 0; top: -1px;"">•</span><strong>Notas de Fundo (6 a 12h+):</strong> <em>Vetiver</em>, <em>Patchouli</em> e <em>Pau-Rosa</em></div></div><p style=""font-family: 'Inter', sans-serif; font-style: italic; font-size: 12.5px; color: #7E786B; border-left: 1.5px solid #C5A880; padding-left: 16px; margin-top: 25px; line-height: 1.7; letter-spacing: 0.15px;"">Os decantes são uma excelente oportunidade para conhecer e testar fragrâncias exclusivas antes de investir em um frasco cheio. Nossos decantes são fracionados de forma profissional diretamente do frasco original em porta-perfumes de vidro com borrifador.</p>";decante, Creed, Aventus Absolu, importado, perfume;Decante Aventus Absolu - Creed | Original Montalk;Compre decante original de Aventus Absolu - Creed fracionado em 2ml, 5ml ou 10ml na Montalk. Envio rápido para todo o Brasil.;Creed;SIM;;;;
decante-creed-aventus-absolu;;;Volumetria;5ml;;;;;100.00;;0.03;3;11;16;5;DEC-CREE-AVENTUSABSOL-5ML;;;NÃO;;;;;;SIM;;;;
decante-creed-aventus-absolu;;;Volumetria;10ml;;;;;180.00;;0.05;5;11;16;5;DEC-CREE-AVENTUSABSOL-10ML;;;NÃO;;;;;;SIM;;;;
decante-creed-aventus-cologne;Decante Aventus Cologne - Creed;Decantes > Creed;Volumetria;2ml;;;;;50.00;;0.02;2;11;16;5;DEC-CREE-AVENTUSCOLOG-2ML;;SIM;NÃO;"<p><strong>AVENTUS COLOGNE</strong> de <strong>CREED</strong> é um perfume <em>Cítrico Aromático Masculino</em> lançado em <strong>2018</strong>. <em>O perfumista</em> que assina esta fragrância é <strong>Olivier Creed</strong>.</p><div style=""margin-top: 16px; margin-bottom: 25px; display: flex; flex-direction: column; gap: 10px; font-size: 14.5px; line-height: 1.7;""><div style=""position: relative; padding-left: 20px;""><span style=""color: #C5A880; font-weight: bold; font-size: 18px; position: absolute; left: 0; top: -1px;"">•</span><strong>Notas de Saída (5 a 15 min):</strong> <em>Tangerina</em>, <em>Pimenta Rosa</em> e <em>Gengibre</em></div><div style=""position: relative; padding-left: 20px;""><span style=""color: #C5A880; font-weight: bold; font-size: 18px; position: absolute; left: 0; top: -1px;"">•</span><strong>Notas de Corpo (2 a 6 h):</strong> <em>Vetiver</em>, <em>Patchouli</em> e <em>Sândalo</em></div><div style=""position: relative; padding-left: 20px;""><span style=""color: #C5A880; font-weight: bold; font-size: 18px; position: absolute; left: 0; top: -1px;"">•</span><strong>Notas de Fundo (6 a 12h+):</strong> <em>Almíscar</em>, <em>Bétula</em> e <em>Fava Tonka</em></div></div><p style=""font-family: 'Inter', sans-serif; font-style: italic; font-size: 12.5px; color: #7E786B; border-left: 1.5px solid #C5A880; padding-left: 16px; margin-top: 25px; line-height: 1.7; letter-spacing: 0.15px;"">Os decantes são uma excelente oportunidade para conhecer e testar fragrâncias exclusivas antes de investir em um frasco cheio. Nossos decantes são fracionados de forma profissional diretamente do frasco original em porta-perfumes de vidro com borrifador.</p>";decante, Creed, Aventus Cologne, importado, perfume;Decante Aventus Cologne - Creed | Original Montalk;Compre decante original de Aventus Cologne - Creed fracionado em 2ml, 5ml ou 10ml na Montalk. Envio rápido para todo o Brasil.;Creed;SIM;;;;
decante-creed-aventus-cologne;;;Volumetria;5ml;;;;;100.00;;0.03;3;11;16;5;DEC-CREE-AVENTUSCOLOG-5ML;;;NÃO;;;;;;SIM;;;;
decante-creed-aventus-cologne;;;Volumetria;10ml;;;;;180.00;;0.05;5;11;16;5;DEC-CREE-AVENTUSCOLOG-10ML;;;NÃO;;;;;;SIM;;;;
decante-creed-aventus-10th-anniversary;Decante Aventus 10th Anniversary - Creed;Decantes > Creed;Volumetria;2ml;;;;;50.00;;0.02;2;11;16;5;DEC-CREE-AVENTUS10THA-2ML;;SIM;NÃO;"<p><strong>AVENTUS 10TH ANNIVERSARY</strong> de <strong>CREED</strong> é um perfume <em>Chipre Frutado Masculino</em> lançado em <strong>2020</strong>. <em>O perfumista</em> que assina esta fragrância é <strong>Olivier Creed</strong>.</p><div style=""margin-top: 16px; margin-bottom: 25px; display: flex; flex-direction: column; gap: 10px; font-size: 14.5px; line-height: 1.7;""><div style=""position: relative; padding-left: 20px;""><span style=""color: #C5A880; font-weight: bold; font-size: 18px; position: absolute; left: 0; top: -1px;"">•</span><strong>Notas de Saída (5 a 15 min):</strong> <em>Abacaxi</em>, <em>Bergamota</em> e <em>Maçã Verde</em></div><div style=""position: relative; padding-left: 20px;""><span style=""color: #C5A880; font-weight: bold; font-size: 18px; position: absolute; left: 0; top: -1px;"">•</span><strong>Notas de Corpo (2 a 6 h):</strong> <em>Bétula</em>, <em>Jasmin</em> e <em>Rosa de Damasco</em></div><div style=""position: relative; padding-left: 20px;""><span style=""color: #C5A880; font-weight: bold; font-size: 18px; position: absolute; left: 0; top: -1px;"">•</span><strong>Notas de Fundo (6 a 12h+):</strong> <em>Musgo de Carvalho</em>, <em>Almíscar</em> e <em>Âmbar</em></div></div><p style=""font-family: 'Inter', sans-serif; font-style: italic; font-size: 12.5px; color: #7E786B; border-left: 1.5px solid #C5A880; padding-left: 16px; margin-top: 25px; line-height: 1.7; letter-spacing: 0.15px;"">Os decantes são uma excelente oportunidade para conhecer e testar fragrâncias exclusivas antes de investir em um frasco cheio. Nossos decantes são fracionados de forma profissional diretamente do frasco original em porta-perfumes de vidro com borrifador.</p>";decante, Creed, Aventus 10th Anniversary, importado, perfume;Decante Aventus 10th Anniversary - Creed | Original Montalk;Compre decante original de Aventus 10th Anniversary - Creed fracionado em 2ml, 5ml ou 10ml na Montalk. Envio rápido para todo o Brasil.;Creed;SIM;;;;
decante-creed-aventus-10th-anniversary;;;Volumetria;5ml;;;;;100.00;;0.03;3;11;16;5;DEC-CREE-AVENTUS10THA-5ML;;;NÃO;;;;;;SIM;;;;
decante-creed-aventus-10th-anniversary;;;Volumetria;10ml;;;;;180.00;;0.05;5;11;16;5;DEC-CREE-AVENTUS10THA-10ML;;;NÃO;;;;;;SIM;;;;
decante-creed-aventus-for-her;Decante Aventus for Her - Creed;Decantes > Creed;Volumetria;2ml;;;;;50.00;;0.02;2;11;16;5;DEC-CREE-AVENTUSFORHE-2ML;;SIM;NÃO;"<p><strong>AVENTUS FOR HER</strong> de <strong>CREED</strong> é um perfume <em>Chipre Frutado Feminino</em> lançado em <strong>2016</strong>. <em>O perfumista</em> que assina esta fragrância é <strong>Olivier Creed</strong>.</p><div style=""margin-top: 16px; margin-bottom: 25px; display: flex; flex-direction: column; gap: 10px; font-size: 14.5px; line-height: 1.7;""><div style=""position: relative; padding-left: 20px;""><span style=""color: #C5A880; font-weight: bold; font-size: 18px; position: absolute; left: 0; top: -1px;"">•</span><strong>Notas de Saída (5 a 15 min):</strong> <em>Maçã Verde</em>, <em>Bergamota</em>, <em>Limão</em> e <em>Violeta</em></div><div style=""position: relative; padding-left: 20px;""><span style=""color: #C5A880; font-weight: bold; font-size: 18px; position: absolute; left: 0; top: -1px;"">•</span><strong>Notas de Corpo (2 a 6 h):</strong> <em>Rosa</em>, <em>Sândalo</em> e <em>Almíscar</em></div><div style=""position: relative; padding-left: 20px;""><span style=""color: #C5A880; font-weight: bold; font-size: 18px; position: absolute; left: 0; top: -1px;"">•</span><strong>Notas de Fundo (6 a 12h+):</strong> <em>Pêssego</em>, <em>Groselha Preta</em> e <em>Âmbar</em></div></div><p style=""font-family: 'Inter', sans-serif; font-style: italic; font-size: 12.5px; color: #7E786B; border-left: 1.5px solid #C5A880; padding-left: 16px; margin-top: 25px; line-height: 1.7; letter-spacing: 0.15px;"">Os decantes são uma excelente oportunidade para conhecer e testar fragrâncias exclusivas antes de investir em um frasco cheio. Nossos decantes são fracionados de forma profissional diretamente do frasco original em porta-perfumes de vidro com borrifador.</p>";decante, Creed, Aventus for Her, importado, perfume;Decante Aventus for Her - Creed | Original Montalk;Compre decante original de Aventus for Her - Creed fracionado em 2ml, 5ml ou 10ml na Montalk. Envio rápido para todo o Brasil.;Creed;SIM;;;;
decante-creed-aventus-for-her;;;Volumetria;5ml;;;;;100.00;;0.03;3;11;16;5;DEC-CREE-AVENTUSFORHE-5ML;;;NÃO;;;;;;SIM;;;;
decante-creed-aventus-for-her;;;Volumetria;10ml;;;;;180.00;;0.05;5;11;16;5;DEC-CREE-AVENTUSFORHE-10ML;;;NÃO;;;;;;SIM;;;;
decante-creed-himalaya;Decante Himalaya - Creed;Decantes > Creed;Volumetria;2ml;;;;;50.00;;0.02;2;11;16;5;DEC-CREE-HIMALAYA-2ML;;SIM;NÃO;"<p><strong>HIMALAYA</strong> de <strong>CREED</strong> é um perfume <em>Oriental Amadeirado Masculino</em> lançado em <strong>2002</strong>. <em>O perfumista</em> que assina esta fragrância é <strong>Erwin Creed</strong>.</p><div style=""margin-top: 16px; margin-bottom: 25px; display: flex; flex-direction: column; gap: 10px; font-size: 14.5px; line-height: 1.7;""><div style=""position: relative; padding-left: 20px;""><span style=""color: #C5A880; font-weight: bold; font-size: 18px; position: absolute; left: 0; top: -1px;"">•</span><strong>Notas de Saída (5 a 15 min):</strong> <em>Calábria</em>, <em>Toranja</em> e <em>Limão Siciliano</em></div><div style=""position: relative; padding-left: 20px;""><span style=""color: #C5A880; font-weight: bold; font-size: 18px; position: absolute; left: 0; top: -1px;"">•</span><strong>Notas de Corpo (2 a 6 h):</strong> <em>Sândalo</em></div><div style=""position: relative; padding-left: 20px;""><span style=""color: #C5A880; font-weight: bold; font-size: 18px; position: absolute; left: 0; top: -1px;"">•</span><strong>Notas de Fundo (6 a 12h+):</strong> <em>Almíscar Branco</em>, <em>Âmbargris</em> e <em>Cedro</em></div></div><p style=""font-family: 'Inter', sans-serif; font-style: italic; font-size: 12.5px; color: #7E786B; border-left: 1.5px solid #C5A880; padding-left: 16px; margin-top: 25px; line-height: 1.7; letter-spacing: 0.15px;"">Os decantes são uma excelente oportunidade para conhecer e testar fragrâncias exclusivas antes de investir em um frasco cheio. Nossos decantes são fracionados de forma profissional diretamente do frasco original em porta-perfumes de vidro com borrifador.</p>";decante, Creed, Himalaya, importado, perfume;Decante Himalaya - Creed | Original Montalk;Compre decante original de Himalaya - Creed fracionado em 2ml, 5ml ou 10ml na Montalk. Envio rápido para todo o Brasil.;Creed;SIM;;;;
decante-creed-himalaya;;;Volumetria;5ml;;;;;100.00;;0.03;3;11;16;5;DEC-CREE-HIMALAYA-5ML;;;NÃO;;;;;;SIM;;;;
decante-creed-himalaya;;;Volumetria;10ml;;;;;180.00;;0.05;5;11;16;5;DEC-CREE-HIMALAYA-10ML;;;NÃO;;;;;;SIM;;;;
decante-creed-green-irish-tweed;Decante Green Irish Tweed - Creed;Decantes > Creed;Volumetria;2ml;;;;;50.00;;0.02;2;11;16;5;DEC-CREE-GREENIRISHTW-2ML;;SIM;NÃO;"<p><strong>GREEN IRISH TWEED</strong> de <strong>CREED</strong> é um perfume <em>Amadeirado Floral Almiscarado Masculino</em> lançado em <strong>1985</strong>. <em>Os perfumistas</em> que assinam esta fragrância são <strong>Olivier Creed e Pierre Bourdon</strong>.</p><div style=""margin-top: 16px; margin-bottom: 25px; display: flex; flex-direction: column; gap: 10px; font-size: 14.5px; line-height: 1.7;""><div style=""position: relative; padding-left: 20px;""><span style=""color: #C5A880; font-weight: bold; font-size: 18px; position: absolute; left: 0; top: -1px;"">•</span><strong>Notas de Saída (5 a 15 min):</strong> <em>Íris</em> e <em>Verbena</em></div><div style=""position: relative; padding-left: 20px;""><span style=""color: #C5A880; font-weight: bold; font-size: 18px; position: absolute; left: 0; top: -1px;"">•</span><strong>Notas de Corpo (2 a 6 h):</strong> <em>Folha de Violeta</em></div><div style=""position: relative; padding-left: 20px;""><span style=""color: #C5A880; font-weight: bold; font-size: 18px; position: absolute; left: 0; top: -1px;"">•</span><strong>Notas de Fundo (6 a 12h+):</strong> <em>Âmbar Cinzento</em> e <em>Sândalo</em></div></div><p style=""font-family: 'Inter', sans-serif; font-style: italic; font-size: 12.5px; color: #7E786B; border-left: 1.5px solid #C5A880; padding-left: 16px; margin-top: 25px; line-height: 1.7; letter-spacing: 0.15px;"">Os decantes são uma excelente oportunidade para conhecer e testar fragrâncias exclusivas antes de investir em um frasco cheio. Nossos decantes são fracionados de forma profissional diretamente do frasco original em porta-perfumes de vidro com borrifador.</p>";decante, Creed, Green Irish Tweed, importado, perfume;Decante Green Irish Tweed - Creed | Original Montalk;Compre decante original de Green Irish Tweed - Creed fracionado em 2ml, 5ml ou 10ml na Montalk. Envio rápido para todo o Brasil.;Creed;SIM;;;;
decante-creed-green-irish-tweed;;;Volumetria;5ml;;;;;100.00;;0.03;3;11;16;5;DEC-CREE-GREENIRISHTW-5ML;;;NÃO;;;;;;SIM;;;;
decante-creed-green-irish-tweed;;;Volumetria;10ml;;;;;180.00;;0.05;5;11;16;5;DEC-CREE-GREENIRISHTW-10ML;;;NÃO;;;;;;SIM;;;;
decante-creed-millesime-imperial;Decante Millésime Impérial - Creed;Decantes > Creed;Volumetria;2ml;;;;;50.00;;0.02;2;11;16;5;DEC-CREE-MILLESIMEIMP-2ML;;SIM;NÃO;"<p><strong>MILLÉSIME IMPÉRIAL</strong> de <strong>CREED</strong> é um perfume <em>Amadeirado Floral Compartilhável (Unissex)</em> lançado em <strong>1995</strong>. <em>O perfumista</em> que assina esta fragrância é <strong>Olivier Creed</strong>.</p><div style=""margin-top: 16px; margin-bottom: 25px; display: flex; flex-direction: column; gap: 10px; font-size: 14.5px; line-height: 1.7;""><div style=""position: relative; padding-left: 20px;""><span style=""color: #C5A880; font-weight: bold; font-size: 18px; position: absolute; left: 0; top: -1px;"">•</span><strong>Notas de Saída (5 a 15 min):</strong> <em>Sal Marinho</em> e <em>Frutas Cítricas</em></div><div style=""position: relative; padding-left: 20px;""><span style=""color: #C5A880; font-weight: bold; font-size: 18px; position: absolute; left: 0; top: -1px;"">•</span><strong>Notas de Corpo (2 a 6 h):</strong> <em>Limão Siciliano</em>, <em>Tangerina</em> e <em>Íris</em></div><div style=""position: relative; padding-left: 20px;""><span style=""color: #C5A880; font-weight: bold; font-size: 18px; position: absolute; left: 0; top: -1px;"">•</span><strong>Notas de Fundo (6 a 12h+):</strong> <em>Almíscar</em> e <em>Notas Amadeiradas</em></div></div><p style=""font-family: 'Inter', sans-serif; font-style: italic; font-size: 12.5px; color: #7E786B; border-left: 1.5px solid #C5A880; padding-left: 16px; margin-top: 25px; line-height: 1.7; letter-spacing: 0.15px;"">Os decantes são uma excelente oportunidade para conhecer e testar fragrâncias exclusivas antes de investir em um frasco cheio. Nossos decantes são fracionados de forma profissional diretamente do frasco original em porta-perfumes de vidro com borrifador.</p>";decante, Creed, Millésime Impérial, importado, perfume;Decante Millésime Impérial - Creed | Original Montalk;Compre decante original de Millésime Impérial - Creed fracionado em 2ml, 5ml ou 10ml na Montalk. Envio rápido para todo o Brasil.;Creed;SIM;;;;
decante-creed-millesime-imperial;;;Volumetria;5ml;;;;;100.00;;0.03;3;11;16;5;DEC-CREE-MILLESIMEIMP-5ML;;;NÃO;;;;;;SIM;;;;
decante-creed-millesime-imperial;;;Volumetria;10ml;;;;;180.00;;0.05;5;11;16;5;DEC-CREE-MILLESIMEIMP-10ML;;;NÃO;;;;;;SIM;;;;
decante-creed-silver-mountain-water;Decante Silver Mountain Water - Creed;Decantes > Creed;Volumetria;2ml;;;;;50.00;;0.02;2;11;16;5;DEC-CREE-SILVERMOUNTA-2ML;;SIM;NÃO;"<p><strong>SILVER MOUNTAIN WATER</strong> de <strong>CREED</strong> é um perfume <em>Aromático Verde Compartilhável (Unissex)</em> lançado em <strong>1995</strong>. <em>O perfumista</em> que assina esta fragrância é <strong>Olivier Creed</strong>.</p><div style=""margin-top: 16px; margin-bottom: 25px; display: flex; flex-direction: column; gap: 10px; font-size: 14.5px; line-height: 1.7;""><div style=""position: relative; padding-left: 20px;""><span style=""color: #C5A880; font-weight: bold; font-size: 18px; position: absolute; left: 0; top: -1px;"">•</span><strong>Notas de Saída (5 a 15 min):</strong> <em>Bergamota</em> e <em>Tangerina</em></div><div style=""position: relative; padding-left: 20px;""><span style=""color: #C5A880; font-weight: bold; font-size: 18px; position: absolute; left: 0; top: -1px;"">•</span><strong>Notas de Corpo (2 a 6 h):</strong> <em>Chá Verde</em> e <em>Groselha Preta</em></div><div style=""position: relative; padding-left: 20px;""><span style=""color: #C5A880; font-weight: bold; font-size: 18px; position: absolute; left: 0; top: -1px;"">•</span><strong>Notas de Fundo (6 a 12h+):</strong> <em>Almíscar</em>, <em>Petitgrain</em> e <em>Sândalo</em></div></div><p style=""font-family: 'Inter', sans-serif; font-style: italic; font-size: 12.5px; color: #7E786B; border-left: 1.5px solid #C5A880; padding-left: 16px; margin-top: 25px; line-height: 1.7; letter-spacing: 0.15px;"">Os decantes são uma excelente oportunidade para conhecer e testar fragrâncias exclusivas antes de investir em um frasco cheio. Nossos decantes são fracionados de forma profissional diretamente do frasco original em porta-perfumes de vidro com borrifador.</p>";decante, Creed, Silver Mountain Water, importado, perfume;Decante Silver Mountain Water - Creed | Original Montalk;Compre decante original de Silver Mountain Water - Creed fracionado em 2ml, 5ml ou 10ml na Montalk. Envio rápido para todo o Brasil.;Creed;SIM;;;;
decante-creed-silver-mountain-water;;;Volumetria;5ml;;;;;100.00;;0.03;3;11;16;5;DEC-CREE-SILVERMOUNTA-5ML;;;NÃO;;;;;;SIM;;;;
decante-creed-silver-mountain-water;;;Volumetria;10ml;;;;;180.00;;0.05;5;11;16;5;DEC-CREE-SILVERMOUNTA-10ML;;;NÃO;;;;;;SIM;;;;
decante-creed-sublime-vanille;Decante Sublime Vanille - Creed;Decantes > Creed;Volumetria;2ml;;;;;50.00;;0.02;2;11;16;5;DEC-CREE-SUBLIMEVANIL-2ML;;SIM;NÃO;"<p><strong>SUBLIME VANILLE</strong> de <strong>CREED</strong> é um perfume <em>Oriental Baunilha Compartilhável (Unissex)</em> lançado em <strong>2009</strong>. <em>O perfumista</em> que assina esta fragrância é <strong>Olivier Creed</strong>.</p><div style=""margin-top: 16px; margin-bottom: 25px; display: flex; flex-direction: column; gap: 10px; font-size: 14.5px; line-height: 1.7;""><div style=""position: relative; padding-left: 20px;""><span style=""color: #C5A880; font-weight: bold; font-size: 18px; position: absolute; left: 0; top: -1px;"">•</span><strong>Notas de Saída (5 a 15 min):</strong> <em>Baunilha de Bourbon</em> e <em>Orquídea de Baunilha</em></div><div style=""position: relative; padding-left: 20px;""><span style=""color: #C5A880; font-weight: bold; font-size: 18px; position: absolute; left: 0; top: -1px;"">•</span><strong>Notas de Corpo (2 a 6 h):</strong> <em>Fava Tonka</em></div><div style=""position: relative; padding-left: 20px;""><span style=""color: #C5A880; font-weight: bold; font-size: 18px; position: absolute; left: 0; top: -1px;"">•</span><strong>Notas de Fundo (6 a 12h+):</strong> <em>Limão</em>, <em>Bergamota</em> e <em>Almíscar</em></div></div><p style=""font-family: 'Inter', sans-serif; font-style: italic; font-size: 12.5px; color: #7E786B; border-left: 1.5px solid #C5A880; padding-left: 16px; margin-top: 25px; line-height: 1.7; letter-spacing: 0.15px;"">Os decantes são uma excelente oportunidade para conhecer e testar fragrâncias exclusivas antes de investir em um frasco cheio. Nossos decantes são fracionados de forma profissional diretamente do frasco original em porta-perfumes de vidro com borrifador.</p>";decante, Creed, Sublime Vanille, importado, perfume;Decante Sublime Vanille - Creed | Original Montalk;Compre decante original de Sublime Vanille - Creed fracionado em 2ml, 5ml ou 10ml na Montalk. Envio rápido para todo o Brasil.;Creed;SIM;;;;
decante-creed-sublime-vanille;;;Volumetria;5ml;;;;;100.00;;0.03;3;11;16;5;DEC-CREE-SUBLIMEVANIL-5ML;;;NÃO;;;;;;SIM;;;;
decante-creed-sublime-vanille;;;Volumetria;10ml;;;;;180.00;;0.05;5;11;16;5;DEC-CREE-SUBLIMEVANIL-10ML;;;NÃO;;;;;;SIM;;;;
decante-creed-virgin-island-water;Decante Virgin Island Water - Creed;Decantes > Creed;Volumetria;2ml;;;;;50.00;;0.02;2;11;16;5;DEC-CREE-VIRGINISLAND-2ML;;SIM;NÃO;"<p><strong>VIRGIN ISLAND WATER</strong> de <strong>CREED</strong> é um perfume <em>Cítrico Aromático Compartilhável (Unissex)</em> lançado em <strong>2007</strong>. <em>O perfumista</em> que assina esta fragrância é <strong>Olivier Creed</strong>.</p><div style=""margin-top: 16px; margin-bottom: 25px; display: flex; flex-direction: column; gap: 10px; font-size: 14.5px; line-height: 1.7;""><div style=""position: relative; padding-left: 20px;""><span style=""color: #C5A880; font-weight: bold; font-size: 18px; position: absolute; left: 0; top: -1px;"">•</span><strong>Notas de Saída (5 a 15 min):</strong> <em>Coco</em>, <em>Limão Tahiti</em> e <em>Laranja Sanguínea</em></div><div style=""position: relative; padding-left: 20px;""><span style=""color: #C5A880; font-weight: bold; font-size: 18px; position: absolute; left: 0; top: -1px;"">•</span><strong>Notas de Corpo (2 a 6 h):</strong> <em>Incenso</em>, <em>Gengibre</em> e <em>Jasmim</em></div><div style=""position: relative; padding-left: 20px;""><span style=""color: #C5A880; font-weight: bold; font-size: 18px; position: absolute; left: 0; top: -1px;"">•</span><strong>Notas de Fundo (6 a 12h+):</strong> <em>Rum Branco</em>, <em>Açúcar de Cana</em> e <em>Almíscar</em></div></div><p style=""font-family: 'Inter', sans-serif; font-style: italic; font-size: 12.5px; color: #7E786B; border-left: 1.5px solid #C5A880; padding-left: 16px; margin-top: 25px; line-height: 1.7; letter-spacing: 0.15px;"">Os decantes são uma excelente oportunidade para conhecer e testar fragrâncias exclusivas antes de investir em um frasco cheio. Nossos decantes são fracionados de forma profissional diretamente do frasco original em porta-perfumes de vidro com borrifador.</p>";decante, Creed, Virgin Island Water, importado, perfume;Decante Virgin Island Water - Creed | Original Montalk;Compre decante original de Virgin Island Water - Creed fracionado em 2ml, 5ml ou 10ml na Montalk. Envio rápido para todo o Brasil.;Creed;SIM;;;;
decante-creed-virgin-island-water;;;Volumetria;5ml;;;;;100.00;;0.03;3;11;16;5;DEC-CREE-VIRGINISLAND-5ML;;;NÃO;;;;;;SIM;;;;
decante-creed-virgin-island-water;;;Volumetria;10ml;;;;;180.00;;0.05;5;11;16;5;DEC-CREE-VIRGINISLAND-10ML;;;NÃO;;;;;;SIM;;;;
decante-diptyque-fleur-de-peau;Decante Fleur de Peau - Diptyque;Decantes > Diptyque;Volumetria;2ml;;;;;50.00;;0.02;2;11;16;5;DEC-DIPT-FLEURDEPEAU-2ML;;SIM;NÃO;"<p><strong>FLEUR DE PEAU</strong> de <strong>DIPTYQUE</strong> é um perfume <em>Floral Almiscarado Compartilhável (Unissex)</em> lançado em <strong>2018</strong>. <em>O perfumista</em> que assina esta fragrância é <strong>Olivier Pescheux</strong>.</p><div style=""margin-top: 16px; margin-bottom: 25px; display: flex; flex-direction: column; gap: 10px; font-size: 14.5px; line-height: 1.7;""><div style=""position: relative; padding-left: 20px;""><span style=""color: #C5A880; font-weight: bold; font-size: 18px; position: absolute; left: 0; top: -1px;"">•</span><strong>Notas de Saída (5 a 15 min):</strong> <em>Aldeídos</em>, <em>Pimenta Rosa</em> e <em>Angélica</em></div><div style=""position: relative; padding-left: 20px;""><span style=""color: #C5A880; font-weight: bold; font-size: 18px; position: absolute; left: 0; top: -1px;"">•</span><strong>Notas de Corpo (2 a 6 h):</strong> <em>Íris</em> e <em>Rosa de Maio</em></div><div style=""position: relative; padding-left: 20px;""><span style=""color: #C5A880; font-weight: bold; font-size: 18px; position: absolute; left: 0; top: -1px;"">•</span><strong>Notas de Fundo (6 a 12h+):</strong> <em>Almíscar</em>, <em>Ambreta</em> e <em>Sândalo</em></div></div><p style=""font-family: 'Inter', sans-serif; font-style: italic; font-size: 12.5px; color: #7E786B; border-left: 1.5px solid #C5A880; padding-left: 16px; margin-top: 25px; line-height: 1.7; letter-spacing: 0.15px;"">Os decantes são uma excelente oportunidade para conhecer e testar fragrâncias exclusivas antes de investir em um frasco cheio. Nossos decantes são fracionados de forma profissional diretamente do frasco original em porta-perfumes de vidro com borrifador.</p>";decante, Diptyque, Fleur de Peau, importado, perfume;Decante Fleur de Peau - Diptyque | Original Montalk;Compre decante original de Fleur de Peau - Diptyque fracionado em 2ml, 5ml ou 10ml na Montalk. Envio rápido para todo o Brasil.;Diptyque;SIM;;;;
decante-diptyque-fleur-de-peau;;;Volumetria;5ml;;;;;100.00;;0.03;3;11;16;5;DEC-DIPT-FLEURDEPEAU-5ML;;;NÃO;;;;;;SIM;;;;
decante-diptyque-fleur-de-peau;;;Volumetria;10ml;;;;;180.00;;0.05;5;11;16;5;DEC-DIPT-FLEURDEPEAU-10ML;;;NÃO;;;;;;SIM;;;;
decante-diptyque-philosykos;Decante Philosykos - Diptyque;Decantes > Diptyque;Volumetria;2ml;;;;;50.00;;0.02;2;11;16;5;DEC-DIPT-PHILOSYKOS-2ML;;SIM;NÃO;"<p><strong>PHILOSYKOS</strong> de <strong>DIPTYQUE</strong> é um perfume <em>Aromático Verde Compartilhável (Unissex)</em> lançado em <strong>1996</strong>. <em>O perfumista</em> que assina esta fragrância é <strong>Olivia Giacobetti</strong>.</p><div style=""margin-top: 16px; margin-bottom: 25px; display: flex; flex-direction: column; gap: 10px; font-size: 14.5px; line-height: 1.7;""><div style=""position: relative; padding-left: 20px;""><span style=""color: #C5A880; font-weight: bold; font-size: 18px; position: absolute; left: 0; top: -1px;"">•</span><strong>Notas de Saída (5 a 15 min):</strong> <em>Folha de Figo</em> e <em>Figo</em></div><div style=""position: relative; padding-left: 20px;""><span style=""color: #C5A880; font-weight: bold; font-size: 18px; position: absolute; left: 0; top: -1px;"">•</span><strong>Notas de Corpo (2 a 6 h):</strong> <em>Coco</em> e <em>Notas Verdes</em></div><div style=""position: relative; padding-left: 20px;""><span style=""color: #C5A880; font-weight: bold; font-size: 18px; position: absolute; left: 0; top: -1px;"">•</span><strong>Notas de Fundo (6 a 12h+):</strong> <em>Figueira</em> e <em>Cedro</em></div></div><p style=""font-family: 'Inter', sans-serif; font-style: italic; font-size: 12.5px; color: #7E786B; border-left: 1.5px solid #C5A880; padding-left: 16px; margin-top: 25px; line-height: 1.7; letter-spacing: 0.15px;"">Os decantes são uma excelente oportunidade para conhecer e testar fragrâncias exclusivas antes de investir em um frasco cheio. Nossos decantes são fracionados de forma profissional diretamente do frasco original em porta-perfumes de vidro com borrifador.</p>";decante, Diptyque, Philosykos, importado, perfume;Decante Philosykos - Diptyque | Original Montalk;Compre decante original de Philosykos - Diptyque fracionado em 2ml, 5ml ou 10ml na Montalk. Envio rápido para todo o Brasil.;Diptyque;SIM;;;;
decante-diptyque-philosykos;;;Volumetria;5ml;;;;;100.00;;0.03;3;11;16;5;DEC-DIPT-PHILOSYKOS-5ML;;;NÃO;;;;;;SIM;;;;
decante-diptyque-philosykos;;;Volumetria;10ml;;;;;180.00;;0.05;5;11;16;5;DEC-DIPT-PHILOSYKOS-10ML;;;NÃO;;;;;;SIM;;;;
decante-frederic-malle-portrait-of-a-lady;Decante Portrait of a Lady - Frederic Malle;Decantes > Frederic Malle;Volumetria;2ml;;;;;50.00;;0.02;2;11;16;5;DEC-FRED-PORTRAITOFAL-2ML;;SIM;NÃO;"<p><strong>PORTRAIT OF A LADY</strong> de <strong>FREDERIC MALLE</strong> é um perfume <em>Oriental Floral Feminino</em> lançado em <strong>2010</strong>. <em>O perfumista</em> que assina esta fragrância é <strong>Dominique Ropion</strong>.</p><div style=""margin-top: 16px; margin-bottom: 25px; display: flex; flex-direction: column; gap: 10px; font-size: 14.5px; line-height: 1.7;""><div style=""position: relative; padding-left: 20px;""><span style=""color: #C5A880; font-weight: bold; font-size: 18px; position: absolute; left: 0; top: -1px;"">•</span><strong>Notas de Saída (5 a 15 min):</strong> <em>Rosa Turca</em>, <em>Cravo-da-Índia</em> e <em>Framboesa</em></div><div style=""position: relative; padding-left: 20px;""><span style=""color: #C5A880; font-weight: bold; font-size: 18px; position: absolute; left: 0; top: -1px;"">•</span><strong>Notas de Corpo (2 a 6 h):</strong> <em>Patchouli</em>, <em>Incenso</em> e <em>Groselha Preta</em></div><div style=""position: relative; padding-left: 20px;""><span style=""color: #C5A880; font-weight: bold; font-size: 18px; position: absolute; left: 0; top: -1px;"">•</span><strong>Notas de Fundo (6 a 12h+):</strong> <em>Sândalo</em>, <em>Almíscar</em> e <em>Âmbar</em></div></div><p style=""font-family: 'Inter', sans-serif; font-style: italic; font-size: 12.5px; color: #7E786B; border-left: 1.5px solid #C5A880; padding-left: 16px; margin-top: 25px; line-height: 1.7; letter-spacing: 0.15px;"">Os decantes são uma excelente oportunidade para conhecer e testar fragrâncias exclusivas antes de investir em um frasco cheio. Nossos decantes são fracionados de forma profissional diretamente do frasco original em porta-perfumes de vidro com borrifador.</p>";decante, Frederic Malle, Portrait of a Lady, importado, perfume;Decante Portrait of a Lady - Frederic Malle | Original Montalk;Compre decante original de Portrait of a Lady - Frederic Malle fracionado em 2ml, 5ml ou 10ml na Montalk. Envio rápido para todo o Brasil.;Frederic Malle;SIM;;;;
decante-frederic-malle-portrait-of-a-lady;;;Volumetria;5ml;;;;;100.00;;0.03;3;11;16;5;DEC-FRED-PORTRAITOFAL-5ML;;;NÃO;;;;;;SIM;;;;
decante-frederic-malle-portrait-of-a-lady;;;Volumetria;10ml;;;;;180.00;;0.05;5;11;16;5;DEC-FRED-PORTRAITOFAL-10ML;;;NÃO;;;;;;SIM;;;;
decante-guerlain-iris-pallida;Decante Iris Pallida - Guerlain;Decantes > Guerlain;Volumetria;2ml;;;;;50.00;;0.02;2;11;16;5;DEC-GUER-IRISPALLIDA-2ML;;SIM;NÃO;"<p><strong>IRIS PALLIDA</strong> de <strong>GUERLAIN</strong> é um perfume <em>Floral Atalcado Compartilhável (Unissex)</em> lançado em <strong>2023</strong>. <em>O perfumista</em> que assina esta fragrância é <strong>Delphine Jelk</strong>.</p><div style=""margin-top: 16px; margin-bottom: 25px; display: flex; flex-direction: column; gap: 10px; font-size: 14.5px; line-height: 1.7;""><div style=""position: relative; padding-left: 20px;""><span style=""color: #C5A880; font-weight: bold; font-size: 18px; position: absolute; left: 0; top: -1px;"">•</span><strong>Notas de Saída (5 a 15 min):</strong> <em>Calábria</em> e <em>Ambreta</em></div><div style=""position: relative; padding-left: 20px;""><span style=""color: #C5A880; font-weight: bold; font-size: 18px; position: absolute; left: 0; top: -1px;"">•</span><strong>Notas de Corpo (2 a 6 h):</strong> <em>Íris Pallida</em> e <em>Violeta</em></div><div style=""position: relative; padding-left: 20px;""><span style=""color: #C5A880; font-weight: bold; font-size: 18px; position: absolute; left: 0; top: -1px;"">•</span><strong>Notas de Fundo (6 a 12h+):</strong> <em>Sândalo</em> e <em>Almíscar Branco</em></div></div><p style=""font-family: 'Inter', sans-serif; font-style: italic; font-size: 12.5px; color: #7E786B; border-left: 1.5px solid #C5A880; padding-left: 16px; margin-top: 25px; line-height: 1.7; letter-spacing: 0.15px;"">Os decantes são uma excelente oportunidade para conhecer e testar fragrâncias exclusivas antes de investir em um frasco cheio. Nossos decantes são fracionados de forma profissional diretamente do frasco original em porta-perfumes de vidro com borrifador.</p>";decante, Guerlain, Iris Pallida, importado, perfume;Decante Iris Pallida - Guerlain | Original Montalk;Compre decante original de Iris Pallida - Guerlain fracionado em 2ml, 5ml ou 10ml na Montalk. Envio rápido para todo o Brasil.;Guerlain;SIM;;;;
decante-guerlain-iris-pallida;;;Volumetria;5ml;;;;;100.00;;0.03;3;11;16;5;DEC-GUER-IRISPALLIDA-5ML;;;NÃO;;;;;;SIM;;;;
decante-guerlain-iris-pallida;;;Volumetria;10ml;;;;;180.00;;0.05;5;11;16;5;DEC-GUER-IRISPALLIDA-10ML;;;NÃO;;;;;;SIM;;;;
decante-guerlain-tobacco-honey;Decante Tobacco Honey - Guerlain;Decantes > Guerlain;Volumetria;2ml;;;;;50.00;;0.02;2;11;16;5;DEC-GUER-TOBACCOHONEY-2ML;;SIM;NÃO;"<p><strong>TOBACCO HONEY</strong> de <strong>GUERLAIN</strong> é um perfume <em>Oriental Amadeirado Compartilhável (Unissex)</em> lançado em <strong>2023</strong>. <em>O perfumista</em> que assina esta fragrância é <strong>Delphine Jelk</strong>.</p><div style=""margin-top: 16px; margin-bottom: 25px; display: flex; flex-direction: column; gap: 10px; font-size: 14.5px; line-height: 1.7;""><div style=""position: relative; padding-left: 20px;""><span style=""color: #C5A880; font-weight: bold; font-size: 18px; position: absolute; left: 0; top: -1px;"">•</span><strong>Notas de Saída (5 a 15 min):</strong> <em>Mel de Flor de Laranjeira</em> e <em>Cravo-da-Índia</em></div><div style=""position: relative; padding-left: 20px;""><span style=""color: #C5A880; font-weight: bold; font-size: 18px; position: absolute; left: 0; top: -1px;"">•</span><strong>Notas de Corpo (2 a 6 h):</strong> <em>Folha de Tabaco</em>, <em>Canela</em> e <em>Baunilha</em></div><div style=""position: relative; padding-left: 20px;""><span style=""color: #C5A880; font-weight: bold; font-size: 18px; position: absolute; left: 0; top: -1px;"">•</span><strong>Notas de Fundo (6 a 12h+):</strong> <em>Oud</em> e <em>Sândalo</em></div></div><p style=""font-family: 'Inter', sans-serif; font-style: italic; font-size: 12.5px; color: #7E786B; border-left: 1.5px solid #C5A880; padding-left: 16px; margin-top: 25px; line-height: 1.7; letter-spacing: 0.15px;"">Os decantes são uma excelente oportunidade para conhecer e testar fragrâncias exclusivas antes de investir em um frasco cheio. Nossos decantes são fracionados de forma profissional diretamente do frasco original em porta-perfumes de vidro com borrifador.</p>";decante, Guerlain, Tobacco Honey, importado, perfume;Decante Tobacco Honey - Guerlain | Original Montalk;Compre decante original de Tobacco Honey - Guerlain fracionado em 2ml, 5ml ou 10ml na Montalk. Envio rápido para todo o Brasil.;Guerlain;SIM;;;;
decante-guerlain-tobacco-honey;;;Volumetria;5ml;;;;;100.00;;0.03;3;11;16;5;DEC-GUER-TOBACCOHONEY-5ML;;;NÃO;;;;;;SIM;;;;
decante-guerlain-tobacco-honey;;;Volumetria;10ml;;;;;180.00;;0.05;5;11;16;5;DEC-GUER-TOBACCOHONEY-10ML;;;NÃO;;;;;;SIM;;;;
decante-guerlain-vanilla-planifolia;Decante Vanilla Planifolia - Guerlain;Decantes > Guerlain;Volumetria;2ml;;;;;50.00;;0.02;2;11;16;5;DEC-GUER-VANILLAPLANI-2ML;;SIM;NÃO;"<p><strong>VANILLA PLANIFOLIA</strong> de <strong>GUERLAIN</strong> é um perfume <em>Oriental Baunilha Compartilhável (Unissex)</em> lançado em <strong>2023</strong>. <em>O perfumista</em> que assina esta fragrância é <strong>Delphine Jelk</strong>.</p><div style=""margin-top: 16px; margin-bottom: 25px; display: flex; flex-direction: column; gap: 10px; font-size: 14.5px; line-height: 1.7;""><div style=""position: relative; padding-left: 20px;""><span style=""color: #C5A880; font-weight: bold; font-size: 18px; position: absolute; left: 0; top: -1px;"">•</span><strong>Notas de Saída (5 a 15 min):</strong> <em>Tintura de Baunilha</em></div><div style=""position: relative; padding-left: 20px;""><span style=""color: #C5A880; font-weight: bold; font-size: 18px; position: absolute; left: 0; top: -1px;"">•</span><strong>Notas de Corpo (2 a 6 h):</strong> <em>Absoluto de Baunilha</em> e <em>Especiarias</em></div><div style=""position: relative; padding-left: 20px;""><span style=""color: #C5A880; font-weight: bold; font-size: 18px; position: absolute; left: 0; top: -1px;"">•</span><strong>Notas de Fundo (6 a 12h+):</strong> <em>Sândalo</em> e <em>Almíscar Branco</em></div></div><p style=""font-family: 'Inter', sans-serif; font-style: italic; font-size: 12.5px; color: #7E786B; border-left: 1.5px solid #C5A880; padding-left: 16px; margin-top: 25px; line-height: 1.7; letter-spacing: 0.15px;"">Os decantes são uma excelente oportunidade para conhecer e testar fragrâncias exclusivas antes de investir em um frasco cheio. Nossos decantes são fracionados de forma profissional diretamente do frasco original em porta-perfumes de vidro com borrifador.</p>";decante, Guerlain, Vanilla Planifolia, importado, perfume;Decante Vanilla Planifolia - Guerlain | Original Montalk;Compre decante original de Vanilla Planifolia - Guerlain fracionado em 2ml, 5ml ou 10ml na Montalk. Envio rápido para todo o Brasil.;Guerlain;SIM;;;;
decante-guerlain-vanilla-planifolia;;;Volumetria;5ml;;;;;100.00;;0.03;3;11;16;5;DEC-GUER-VANILLAPLANI-5ML;;;NÃO;;;;;;SIM;;;;
decante-guerlain-vanilla-planifolia;;;Volumetria;10ml;;;;;180.00;;0.05;5;11;16;5;DEC-GUER-VANILLAPLANI-10ML;;;NÃO;;;;;;SIM;;;;
decante-kilian-angels-share;Decante Angels' Share - Kilian;Decantes > Kilian;Volumetria;2ml;;;;;50.00;;0.02;2;11;16;5;DEC-KILI-ANGELSSHARE-2ML;;SIM;NÃO;"<p><strong>ANGELS' SHARE</strong> de <strong>KILIAN</strong> é um perfume <em>Oriental Baunilha Compartilhável (Unissex)</em> lançado em <strong>2020</strong>. <em>O perfumista</em> que assina esta fragrância é <strong>Benoist Lapouza</strong>.</p><div style=""margin-top: 16px; margin-bottom: 25px; display: flex; flex-direction: column; gap: 10px; font-size: 14.5px; line-height: 1.7;""><div style=""position: relative; padding-left: 20px;""><span style=""color: #C5A880; font-weight: bold; font-size: 18px; position: absolute; left: 0; top: -1px;"">•</span><strong>Notas de Saída (5 a 15 min):</strong> <em>Conhaque</em></div><div style=""position: relative; padding-left: 20px;""><span style=""color: #C5A880; font-weight: bold; font-size: 18px; position: absolute; left: 0; top: -1px;"">•</span><strong>Notas de Corpo (2 a 6 h):</strong> <em>Canela</em>, <em>Fava Tonka</em> e <em>Carvalho</em></div><div style=""position: relative; padding-left: 20px;""><span style=""color: #C5A880; font-weight: bold; font-size: 18px; position: absolute; left: 0; top: -1px;"">•</span><strong>Notas de Fundo (6 a 12h+):</strong> <em>Baunilha</em>, <em>Pralinê</em> e <em>Sândalo</em></div></div><p style=""font-family: 'Inter', sans-serif; font-style: italic; font-size: 12.5px; color: #7E786B; border-left: 1.5px solid #C5A880; padding-left: 16px; margin-top: 25px; line-height: 1.7; letter-spacing: 0.15px;"">Os decantes são uma excelente oportunidade para conhecer e testar fragrâncias exclusivas antes de investir em um frasco cheio. Nossos decantes são fracionados de forma profissional diretamente do frasco original em porta-perfumes de vidro com borrifador.</p>";decante, Kilian, Angels' Share, importado, perfume;Decante Angels' Share - Kilian | Original Montalk;Compre decante original de Angels' Share - Kilian fracionado em 2ml, 5ml ou 10ml na Montalk. Envio rápido para todo o Brasil.;Kilian;SIM;;;;
decante-kilian-angels-share;;;Volumetria;5ml;;;;;100.00;;0.03;3;11;16;5;DEC-KILI-ANGELSSHARE-5ML;;;NÃO;;;;;;SIM;;;;
decante-kilian-angels-share;;;Volumetria;10ml;;;;;180.00;;0.05;5;11;16;5;DEC-KILI-ANGELSSHARE-10ML;;;NÃO;;;;;;SIM;;;;
decante-kilian-love-dont-be-shy;Decante Love, Don't Be Shy - Kilian;Decantes > Kilian;Volumetria;2ml;;;;;50.00;;0.02;2;11;16;5;DEC-KILI-LOVEDONTBESH-2ML;;SIM;NÃO;"<p><strong>LOVE, DON'T BE SHY</strong> de <strong>KILIAN</strong> é um perfume <em>Oriental Floral Feminino</em> lançado em <strong>2007</strong>. <em>O perfumista</em> que assina esta fragrância é <strong>Calice Becker</strong>.</p><div style=""margin-top: 16px; margin-bottom: 25px; display: flex; flex-direction: column; gap: 10px; font-size: 14.5px; line-height: 1.7;""><div style=""position: relative; padding-left: 20px;""><span style=""color: #C5A880; font-weight: bold; font-size: 18px; position: absolute; left: 0; top: -1px;"">•</span><strong>Notas de Saída (5 a 15 min):</strong> <em>Flor de Laranjeira</em>, <em>Néroli</em> e <em>Bergamota</em></div><div style=""position: relative; padding-left: 20px;""><span style=""color: #C5A880; font-weight: bold; font-size: 18px; position: absolute; left: 0; top: -1px;"">•</span><strong>Notas de Corpo (2 a 6 h):</strong> <em>Marshmallow</em>, <em>Rosa Turca</em> e <em>Jasmim</em></div><div style=""position: relative; padding-left: 20px;""><span style=""color: #C5A880; font-weight: bold; font-size: 18px; position: absolute; left: 0; top: -1px;"">•</span><strong>Notas de Fundo (6 a 12h+):</strong> <em>Caramelo</em>, <em>Baunilha</em> e <em>Almíscar</em></div></div><p style=""font-family: 'Inter', sans-serif; font-style: italic; font-size: 12.5px; color: #7E786B; border-left: 1.5px solid #C5A880; padding-left: 16px; margin-top: 25px; line-height: 1.7; letter-spacing: 0.15px;"">Os decantes são uma excelente oportunidade para conhecer e testar fragrâncias exclusivas antes de investir em um frasco cheio. Nossos decantes são fracionados de forma profissional diretamente do frasco original em porta-perfumes de vidro com borrifador.</p>";decante, Kilian, Love, Don't Be Shy, importado, perfume;Decante Love, Don't Be Shy - Kilian | Original Montalk;Compre decante original de Love, Don't Be Shy - Kilian fracionado em 2ml, 5ml ou 10ml na Montalk. Envio rápido para todo o Brasil.;Kilian;SIM;;;;
decante-kilian-love-dont-be-shy;;;Volumetria;5ml;;;;;100.00;;0.03;3;11;16;5;DEC-KILI-LOVEDONTBESH-5ML;;;NÃO;;;;;;SIM;;;;
decante-kilian-love-dont-be-shy;;;Volumetria;10ml;;;;;180.00;;0.05;5;11;16;5;DEC-KILI-LOVEDONTBESH-10ML;;;NÃO;;;;;;SIM;;;;
decante-maison-crivelli-hibiscus-mahajad;Decante Hibiscus Mahajad - Maison Crivelli;Decantes > Maison Crivelli;Volumetria;2ml;;;;;50.00;;0.02;2;11;16;5;DEC-MAIS-HIBISCUSMAHA-2ML;;SIM;NÃO;"<p><strong>HIBISCUS MAHAJAD</strong> de <strong>MAISON CRIVELLI</strong> é um perfume <em>Oriental Floral Compartilhável (Unissex)</em> lançado em <strong>2021</strong>. <em>O perfumista</em> que assina esta fragrância é <strong>Quentin Bisch</strong>.</p><div style=""margin-top: 16px; margin-bottom: 25px; display: flex; flex-direction: column; gap: 10px; font-size: 14.5px; line-height: 1.7;""><div style=""position: relative; padding-left: 20px;""><span style=""color: #C5A880; font-weight: bold; font-size: 18px; position: absolute; left: 0; top: -1px;"">•</span><strong>Notas de Saída (5 a 15 min):</strong> <em>Hibisco</em> e <em>Cassis</em></div><div style=""position: relative; padding-left: 20px;""><span style=""color: #C5A880; font-weight: bold; font-size: 18px; position: absolute; left: 0; top: -1px;"">•</span><strong>Notas de Corpo (2 a 6 h):</strong> <em>Rosa de Damasco</em> e <em>Hortelã</em></div><div style=""position: relative; padding-left: 20px;""><span style=""color: #C5A880; font-weight: bold; font-size: 18px; position: absolute; left: 0; top: -1px;"">•</span><strong>Notas de Fundo (6 a 12h+):</strong> <em>Baunilha</em>, <em>Couro</em> e <em>Ambreta</em></div></div><p style=""font-family: 'Inter', sans-serif; font-style: italic; font-size: 12.5px; color: #7E786B; border-left: 1.5px solid #C5A880; padding-left: 16px; margin-top: 25px; line-height: 1.7; letter-spacing: 0.15px;"">Os decantes são uma excelente oportunidade para conhecer e testar fragrâncias exclusivas antes de investir em um frasco cheio. Nossos decantes são fracionados de forma profissional diretamente do frasco original em porta-perfumes de vidro com borrifador.</p>";decante, Maison Crivelli, Hibiscus Mahajad, importado, perfume;Decante Hibiscus Mahajad - Maison Crivelli | Original Montalk;Compre decante original de Hibiscus Mahajad - Maison Crivelli fracionado em 2ml, 5ml ou 10ml na Montalk. Envio rápido para todo o Brasil.;Maison Crivelli;SIM;;;;
decante-maison-crivelli-hibiscus-mahajad;;;Volumetria;5ml;;;;;100.00;;0.03;3;11;16;5;DEC-MAIS-HIBISCUSMAHA-5ML;;;NÃO;;;;;;SIM;;;;
decante-maison-crivelli-hibiscus-mahajad;;;Volumetria;10ml;;;;;180.00;;0.05;5;11;16;5;DEC-MAIS-HIBISCUSMAHA-10ML;;;NÃO;;;;;;SIM;;;;
decante-maison-francis-kurkdjian-baccarat-rouge-540-edp;Decante Baccarat Rouge 540 EDP - Maison Francis Kurkdjian;Decantes > Maison Francis Kurkdjian;Volumetria;2ml;;;;;50.00;;0.02;2;11;16;5;DEC-MAIS-BACCARATROUG-2ML;;SIM;NÃO;"<p><strong>BACCARAT ROUGE 540 EDP</strong> de <strong>MAISON FRANCIS KURKDJIAN</strong> é um perfume <em>Oriental Floral Compartilhável (Unissex)</em> lançado em <strong>2015</strong>. <em>O perfumista</em> que assina esta fragrância é <strong>Francis Kurkdjian</strong>.</p><div style=""margin-top: 16px; margin-bottom: 25px; display: flex; flex-direction: column; gap: 10px; font-size: 14.5px; line-height: 1.7;""><div style=""position: relative; padding-left: 20px;""><span style=""color: #C5A880; font-weight: bold; font-size: 18px; position: absolute; left: 0; top: -1px;"">•</span><strong>Notas de Saída (5 a 15 min):</strong> <em>Açafrão</em> e <em>Jasmim</em></div><div style=""position: relative; padding-left: 20px;""><span style=""color: #C5A880; font-weight: bold; font-size: 18px; position: absolute; left: 0; top: -1px;"">•</span><strong>Notas de Corpo (2 a 6 h):</strong> <em>Madeira de Âmbar</em> e <em>Ambergris</em></div><div style=""position: relative; padding-left: 20px;""><span style=""color: #C5A880; font-weight: bold; font-size: 18px; position: absolute; left: 0; top: -1px;"">•</span><strong>Notas de Fundo (6 a 12h+):</strong> <em>Resina de Abeto</em> e <em>Cedro</em></div></div><p style=""font-family: 'Inter', sans-serif; font-style: italic; font-size: 12.5px; color: #7E786B; border-left: 1.5px solid #C5A880; padding-left: 16px; margin-top: 25px; line-height: 1.7; letter-spacing: 0.15px;"">Os decantes são uma excelente oportunidade para conhecer e testar fragrâncias exclusivas antes de investir em um frasco cheio. Nossos decantes são fracionados de forma profissional diretamente do frasco original em porta-perfumes de vidro com borrifador.</p>";decante, Maison Francis Kurkdjian, Baccarat Rouge 540 EDP, importado, perfume;Decante Baccarat Rouge 540 EDP - Maison Francis Kurkdjian | Original Montalk;Compre decante original de Baccarat Rouge 540 EDP - Maison Francis Kurkdjian fracionado em 2ml, 5ml ou 10ml na Montalk. Envio rápido para todo o Brasil.;Maison Francis Kurkdjian;SIM;;;;
decante-maison-francis-kurkdjian-baccarat-rouge-540-edp;;;Volumetria;5ml;;;;;100.00;;0.03;3;11;16;5;DEC-MAIS-BACCARATROUG-5ML;;;NÃO;;;;;;SIM;;;;
decante-maison-francis-kurkdjian-baccarat-rouge-540-edp;;;Volumetria;10ml;;;;;180.00;;0.05;5;11;16;5;DEC-MAIS-BACCARATROUG-10ML;;;NÃO;;;;;;SIM;;;;
decante-maison-francis-kurkdjian-gentle-fluidity-silver;Decante Gentle Fluidity Silver - Maison Francis Kurkdjian;Decantes > Maison Francis Kurkdjian;Volumetria;2ml;;;;;50.00;;0.02;2;11;16;5;DEC-MAIS-GENTLEFLUIDI-2ML;;SIM;NÃO;"<p><strong>GENTLE FLUIDITY SILVER</strong> de <strong>MAISON FRANCIS KURKDJIAN</strong> é um perfume <em>Aromático Amadeirado Compartilhável (Unissex)</em> lançado em <strong>2019</strong>. <em>O perfumista</em> que assina esta fragrância é <strong>Francis Kurkdjian</strong>.</p><div style=""margin-top: 16px; margin-bottom: 25px; display: flex; flex-direction: column; gap: 10px; font-size: 14.5px; line-height: 1.7;""><div style=""position: relative; padding-left: 20px;""><span style=""color: #C5A880; font-weight: bold; font-size: 18px; position: absolute; left: 0; top: -1px;"">•</span><strong>Notas de Saída (5 a 15 min):</strong> <em>Bagas de Zimbro</em> e <em>Cilantro</em></div><div style=""position: relative; padding-left: 20px;""><span style=""color: #C5A880; font-weight: bold; font-size: 18px; position: absolute; left: 0; top: -1px;"">•</span><strong>Notas de Corpo (2 a 6 h):</strong> <em>Nez-de-Musc</em> e <em>Raiz de Íris</em></div><div style=""position: relative; padding-left: 20px;""><span style=""color: #C5A880; font-weight: bold; font-size: 18px; position: absolute; left: 0; top: -1px;"">•</span><strong>Notas de Fundo (6 a 12h+):</strong> <em>Notas Amadeiradas</em> e <em>Âmbar</em></div></div><p style=""font-family: 'Inter', sans-serif; font-style: italic; font-size: 12.5px; color: #7E786B; border-left: 1.5px solid #C5A880; padding-left: 16px; margin-top: 25px; line-height: 1.7; letter-spacing: 0.15px;"">Os decantes são uma excelente oportunidade para conhecer e testar fragrâncias exclusivas antes de investir em um frasco cheio. Nossos decantes são fracionados de forma profissional diretamente do frasco original em porta-perfumes de vidro com borrifador.</p>";decante, Maison Francis Kurkdjian, Gentle Fluidity Silver, importado, perfume;Decante Gentle Fluidity Silver - Maison Francis Kurkdjian | Original Montalk;Compre decante original de Gentle Fluidity Silver - Maison Francis Kurkdjian fracionado em 2ml, 5ml ou 10ml na Montalk. Envio rápido para todo o Brasil.;Maison Francis Kurkdjian;SIM;;;;
decante-maison-francis-kurkdjian-gentle-fluidity-silver;;;Volumetria;5ml;;;;;100.00;;0.03;3;11;16;5;DEC-MAIS-GENTLEFLUIDI-5ML;;;NÃO;;;;;;SIM;;;;
decante-maison-francis-kurkdjian-gentle-fluidity-silver;;;Volumetria;10ml;;;;;180.00;;0.05;5;11;16;5;DEC-MAIS-GENTLEFLUIDI-10ML;;;NÃO;;;;;;SIM;;;;
decante-maison-francis-kurkdjian-grand-soir;Decante Grand Soir - Maison Francis Kurkdjian;Decantes > Maison Francis Kurkdjian;Volumetria;2ml;;;;;50.00;;0.02;2;11;16;5;DEC-MAIS-GRANDSOIR-2ML;;SIM;NÃO;"<p><strong>GRAND SOIR</strong> de <strong>MAISON FRANCIS KURKDJIAN</strong> é um perfume <em>Oriental Ambarado Compartilhável (Unissex)</em> lançado em <strong>2016</strong>. <em>O perfumista</em> que assina esta fragrância é <strong>Francis Kurkdjian</strong>.</p><div style=""margin-top: 16px; margin-bottom: 25px; display: flex; flex-direction: column; gap: 10px; font-size: 14.5px; line-height: 1.7;""><div style=""position: relative; padding-left: 20px;""><span style=""color: #C5A880; font-weight: bold; font-size: 18px; position: absolute; left: 0; top: -1px;"">•</span><strong>Notas de Saída (5 a 15 min):</strong> <em>Labdanum Espanhol</em></div><div style=""position: relative; padding-left: 20px;""><span style=""color: #C5A880; font-weight: bold; font-size: 18px; position: absolute; left: 0; top: -1px;"">•</span><strong>Notas de Corpo (2 a 6 h):</strong> <em>Benzoin do Sião</em> e <em>Fava Tonka</em></div><div style=""position: relative; padding-left: 20px;""><span style=""color: #C5A880; font-weight: bold; font-size: 18px; position: absolute; left: 0; top: -1px;"">•</span><strong>Notas de Fundo (6 a 12h+):</strong> <em>Âmbar</em> e <em>Baunilha</em></div></div><p style=""font-family: 'Inter', sans-serif; font-style: italic; font-size: 12.5px; color: #7E786B; border-left: 1.5px solid #C5A880; padding-left: 16px; margin-top: 25px; line-height: 1.7; letter-spacing: 0.15px;"">Os decantes são uma excelente oportunidade para conhecer e testar fragrâncias exclusivas antes de investir em um frasco cheio. Nossos decantes são fracionados de forma profissional diretamente do frasco original em porta-perfumes de vidro com borrifador.</p>";decante, Maison Francis Kurkdjian, Grand Soir, importado, perfume;Decante Grand Soir - Maison Francis Kurkdjian | Original Montalk;Compre decante original de Grand Soir - Maison Francis Kurkdjian fracionado em 2ml, 5ml ou 10ml na Montalk. Envio rápido para todo o Brasil.;Maison Francis Kurkdjian;SIM;;;;
decante-maison-francis-kurkdjian-grand-soir;;;Volumetria;5ml;;;;;100.00;;0.03;3;11;16;5;DEC-MAIS-GRANDSOIR-5ML;;;NÃO;;;;;;SIM;;;;
decante-maison-francis-kurkdjian-grand-soir;;;Volumetria;10ml;;;;;180.00;;0.05;5;11;16;5;DEC-MAIS-GRANDSOIR-10ML;;;NÃO;;;;;;SIM;;;;
decante-maison-francis-kurkdjian-oud-satin-mood;Decante Oud Satin Mood - Maison Francis Kurkdjian;Decantes > Maison Francis Kurkdjian;Volumetria;2ml;;;;;50.00;;0.02;2;11;16;5;DEC-MAIS-OUDSATINMOOD-2ML;;SIM;NÃO;"<p><strong>OUD SATIN MOOD</strong> de <strong>MAISON FRANCIS KURKDJIAN</strong> é um perfume <em>Oriental Amadeirado Compartilhável (Unissex)</em> lançado em <strong>2015</strong>. <em>O perfumista</em> que assina esta fragrância é <strong>Francis Kurkdjian</strong>.</p><div style=""margin-top: 16px; margin-bottom: 25px; display: flex; flex-direction: column; gap: 10px; font-size: 14.5px; line-height: 1.7;""><div style=""position: relative; padding-left: 20px;""><span style=""color: #C5A880; font-weight: bold; font-size: 18px; position: absolute; left: 0; top: -1px;"">•</span><strong>Notas de Saída (5 a 15 min):</strong> <em>Rosa Búlgara</em> e <em>Violeta</em></div><div style=""position: relative; padding-left: 20px;""><span style=""color: #C5A880; font-weight: bold; font-size: 18px; position: absolute; left: 0; top: -1px;"">•</span><strong>Notas de Corpo (2 a 6 h):</strong> <em>Rosa de Damasco</em> e <em>Oud da Turquia</em></div><div style=""position: relative; padding-left: 20px;""><span style=""color: #C5A880; font-weight: bold; font-size: 18px; position: absolute; left: 0; top: -1px;"">•</span><strong>Notas de Fundo (6 a 12h+):</strong> <em>Baunilha</em>, <em>Benzoin</em> e <em>Âmbar</em></div></div><p style=""font-family: 'Inter', sans-serif; font-style: italic; font-size: 12.5px; color: #7E786B; border-left: 1.5px solid #C5A880; padding-left: 16px; margin-top: 25px; line-height: 1.7; letter-spacing: 0.15px;"">Os decantes são uma excelente oportunidade para conhecer e testar fragrâncias exclusivas antes de investir em um frasco cheio. Nossos decantes são fracionados de forma profissional diretamente do frasco original em porta-perfumes de vidro com borrifador.</p>";decante, Maison Francis Kurkdjian, Oud Satin Mood, importado, perfume;Decante Oud Satin Mood - Maison Francis Kurkdjian | Original Montalk;Compre decante original de Oud Satin Mood - Maison Francis Kurkdjian fracionado em 2ml, 5ml ou 10ml na Montalk. Envio rápido para todo o Brasil.;Maison Francis Kurkdjian;SIM;;;;
decante-maison-francis-kurkdjian-oud-satin-mood;;;Volumetria;5ml;;;;;100.00;;0.03;3;11;16;5;DEC-MAIS-OUDSATINMOOD-5ML;;;NÃO;;;;;;SIM;;;;
decante-maison-francis-kurkdjian-oud-satin-mood;;;Volumetria;10ml;;;;;180.00;;0.05;5;11;16;5;DEC-MAIS-OUDSATINMOOD-10ML;;;NÃO;;;;;;SIM;;;;
decante-nishane-ani;Decante Ani - Nishane;Decantes > Nishane;Volumetria;2ml;;;;;50.00;;0.02;2;11;16;5;DEC-NISH-ANI-2ML;;SIM;NÃO;"<p><strong>ANI</strong> de <strong>NISHANE</strong> é um perfume <em>Oriental Amadeirado Compartilhável (Unissex)</em> lançado em <strong>2019</strong>. <em>O perfumista</em> que assina esta fragrância é <strong>Cecile Zarokian</strong>.</p><div style=""margin-top: 16px; margin-bottom: 25px; display: flex; flex-direction: column; gap: 10px; font-size: 14.5px; line-height: 1.7;""><div style=""position: relative; padding-left: 20px;""><span style=""color: #C5A880; font-weight: bold; font-size: 18px; position: absolute; left: 0; top: -1px;"">•</span><strong>Notas de Saída (5 a 15 min):</strong> <em>Gengibre</em>, <em>Bergamota</em> e <em>Pimenta Rosa</em></div><div style=""position: relative; padding-left: 20px;""><span style=""color: #C5A880; font-weight: bold; font-size: 18px; position: absolute; left: 0; top: -1px;"">•</span><strong>Notas de Corpo (2 a 6 h):</strong> <em>Groselha Preta</em>, <em>Cardamomo</em> e <em>Rosa</em></div><div style=""position: relative; padding-left: 20px;""><span style=""color: #C5A880; font-weight: bold; font-size: 18px; position: absolute; left: 0; top: -1px;"">•</span><strong>Notas de Fundo (6 a 12h+):</strong> <em>Baunilha</em>, <em>Sândalo</em>, <em>Âmbargris</em> e <em>Cedro</em></div></div><p style=""font-family: 'Inter', sans-serif; font-style: italic; font-size: 12.5px; color: #7E786B; border-left: 1.5px solid #C5A880; padding-left: 16px; margin-top: 25px; line-height: 1.7; letter-spacing: 0.15px;"">Os decantes são uma excelente oportunidade para conhecer e testar fragrâncias exclusivas antes de investir em um frasco cheio. Nossos decantes são fracionados de forma profissional diretamente do frasco original em porta-perfumes de vidro com borrifador.</p>";decante, Nishane, Ani, importado, perfume;Decante Ani - Nishane | Original Montalk;Compre decante original de Ani - Nishane fracionado em 2ml, 5ml ou 10ml na Montalk. Envio rápido para todo o Brasil.;Nishane;SIM;;;;
decante-nishane-ani;;;Volumetria;5ml;;;;;100.00;;0.03;3;11;16;5;DEC-NISH-ANI-5ML;;;NÃO;;;;;;SIM;;;;
decante-nishane-ani;;;Volumetria;10ml;;;;;180.00;;0.05;5;11;16;5;DEC-NISH-ANI-10ML;;;NÃO;;;;;;SIM;;;;
decante-nishane-hacivat;Decante Hacivat - Nishane;Decantes > Nishane;Volumetria;2ml;;;;;58.00;;0.02;2;11;16;5;DEC-NISH-HACIVAT-2ML;;SIM;NÃO;"<p><strong>HACIVAT</strong> de <strong>NISHANE</strong> é um perfume <em>Chipre Frutado Compartilhável (Unissex)</em> lançado em <strong>2017</strong>. <em>O perfumista</em> que assina esta fragrância é <strong>Jorge Lee</strong>.</p><div style=""margin-top: 16px; margin-bottom: 25px; display: flex; flex-direction: column; gap: 10px; font-size: 14.5px; line-height: 1.7;""><div style=""position: relative; padding-left: 20px;""><span style=""color: #C5A880; font-weight: bold; font-size: 18px; position: absolute; left: 0; top: -1px;"">•</span><strong>Notas de Saída (5 a 15 min):</strong> <em>Abacaxi</em>, <em>Toranja</em> e <em>Bergamota</em></div><div style=""position: relative; padding-left: 20px;""><span style=""color: #C5A880; font-weight: bold; font-size: 18px; position: absolute; left: 0; top: -1px;"">•</span><strong>Notas de Corpo (2 a 6 h):</strong> <em>Cedro</em>, <em>Jasmin</em> e <em>Patchouli</em></div><div style=""position: relative; padding-left: 20px;""><span style=""color: #C5A880; font-weight: bold; font-size: 18px; position: absolute; left: 0; top: -1px;"">•</span><strong>Notas de Fundo (6 a 12h+):</strong> <em>Musgo de Carvalho</em> e <em>Notas Amadeiradas</em></div></div><p style=""font-family: 'Inter', sans-serif; font-style: italic; font-size: 12.5px; color: #7E786B; border-left: 1.5px solid #C5A880; padding-left: 16px; margin-top: 25px; line-height: 1.7; letter-spacing: 0.15px;"">Os decantes são uma excelente oportunidade para conhecer e testar fragrâncias exclusivas antes de investir em um frasco cheio. Nossos decantes são fracionados de forma profissional diretamente do frasco original em porta-perfumes de vidro com borrifador.</p>";decante, Nishane, Hacivat, importado, perfume;Decante Hacivat - Nishane | Original Montalk;Compre decante original de Hacivat - Nishane fracionado em 2ml, 5ml ou 10ml na Montalk. Envio rápido para todo o Brasil.;Nishane;SIM;;;;40.00
decante-nishane-hacivat;;;Volumetria;5ml;;;;;116.00;;0.03;3;11;16;5;DEC-NISH-HACIVAT-5ML;;;NÃO;;;;;;SIM;;;;55.00
decante-nishane-hacivat;;;Volumetria;10ml;;;;;210.00;;0.05;5;11;16;5;DEC-NISH-HACIVAT-10ML;;;NÃO;;;;;;SIM;;;;80.00
decante-nishane-hundred-silent-ways;Decante Hundred Silent Ways - Nishane;Decantes > Nishane;Volumetria;2ml;;;;;50.00;;0.02;2;11;16;5;DEC-NISH-HUNDREDSILEN-2ML;;SIM;NÃO;"<p><strong>HUNDRED SILENT WAYS</strong> de <strong>NISHANE</strong> é um perfume <em>Floral Frutado Compartilhável (Unissex)</em> lançado em <strong>2016</strong>. <em>O perfumista</em> que assina esta fragrância é <strong>Jorge Lee</strong>.</p><div style=""margin-top: 16px; margin-bottom: 25px; display: flex; flex-direction: column; gap: 10px; font-size: 14.5px; line-height: 1.7;""><div style=""position: relative; padding-left: 20px;""><span style=""color: #C5A880; font-weight: bold; font-size: 18px; position: absolute; left: 0; top: -1px;"">•</span><strong>Notas de Saída (5 a 15 min):</strong> <em>Pêssego</em>, <em>Tuberosa</em> e <em>Tangerina</em></div><div style=""position: relative; padding-left: 20px;""><span style=""color: #C5A880; font-weight: bold; font-size: 18px; position: absolute; left: 0; top: -1px;"">•</span><strong>Notas de Corpo (2 a 6 h):</strong> <em>Gardenia</em>, <em>Jasmim</em> e <em>Íris</em></div><div style=""position: relative; padding-left: 20px;""><span style=""color: #C5A880; font-weight: bold; font-size: 18px; position: absolute; left: 0; top: -1px;"">•</span><strong>Notas de Fundo (6 a 12h+):</strong> <em>Baunilha</em>, <em>Sândalo</em> e <em>Vetiver</em></div></div><p style=""font-family: 'Inter', sans-serif; font-style: italic; font-size: 12.5px; color: #7E786B; border-left: 1.5px solid #C5A880; padding-left: 16px; margin-top: 25px; line-height: 1.7; letter-spacing: 0.15px;"">Os decantes são uma excelente oportunidade para conhecer e testar fragrâncias exclusivas antes de investir em um frasco cheio. Nossos decantes são fracionados de forma profissional diretamente do frasco original em porta-perfumes de vidro com borrifador.</p>";decante, Nishane, Hundred Silent Ways, importado, perfume;Decante Hundred Silent Ways - Nishane | Original Montalk;Compre decante original de Hundred Silent Ways - Nishane fracionado em 2ml, 5ml ou 10ml na Montalk. Envio rápido para todo o Brasil.;Nishane;SIM;;;;
decante-nishane-hundred-silent-ways;;;Volumetria;5ml;;;;;100.00;;0.03;3;11;16;5;DEC-NISH-HUNDREDSILEN-5ML;;;NÃO;;;;;;SIM;;;;
decante-nishane-hundred-silent-ways;;;Volumetria;10ml;;;;;180.00;;0.05;5;11;16;5;DEC-NISH-HUNDREDSILEN-10ML;;;NÃO;;;;;;SIM;;;;
decante-parfums-de-marly-althair;Decante Althaïr - Parfums de Marly;Decantes > Parfums de Marly;Volumetria;2ml;;;;;50.00;;0.02;2;11;16;5;DEC-PARF-ALTHAIR-2ML;;SIM;NÃO;"<p><strong>ALTHAÏR</strong> de <strong>PARFUMS DE MARLY</strong> é um perfume <em>Oriental Baunilha Masculino</em> lançado em <strong>2023</strong>. <em>O perfumista</em> que assina esta fragrância é <strong>Hamid Merati-Kashani</strong>.</p><div style=""margin-top: 16px; margin-bottom: 25px; display: flex; flex-direction: column; gap: 10px; font-size: 14.5px; line-height: 1.7;""><div style=""position: relative; padding-left: 20px;""><span style=""color: #C5A880; font-weight: bold; font-size: 18px; position: absolute; left: 0; top: -1px;"">•</span><strong>Notas de Saída (5 a 15 min):</strong> <em>Canela</em>, <em>Cardamomo</em> e <em>Flor de Laranjeira</em></div><div style=""position: relative; padding-left: 20px;""><span style=""color: #C5A880; font-weight: bold; font-size: 18px; position: absolute; left: 0; top: -1px;"">•</span><strong>Notas de Corpo (2 a 6 h):</strong> <em>Baunilha de Bourbon</em> e <em>Elemi</em></div><div style=""position: relative; padding-left: 20px;""><span style=""color: #C5A880; font-weight: bold; font-size: 18px; position: absolute; left: 0; top: -1px;"">•</span><strong>Notas de Fundo (6 a 12h+):</strong> <em>Pralinê</em>, <em>Almíscar Branco</em> e <em>Guaiac</em></div></div><p style=""font-family: 'Inter', sans-serif; font-style: italic; font-size: 12.5px; color: #7E786B; border-left: 1.5px solid #C5A880; padding-left: 16px; margin-top: 25px; line-height: 1.7; letter-spacing: 0.15px;"">Os decantes são uma excelente oportunidade para conhecer e testar fragrâncias exclusivas antes de investir em um frasco cheio. Nossos decantes são fracionados de forma profissional diretamente do frasco original em porta-perfumes de vidro com borrifador.</p>";decante, Parfums de Marly, Althaïr, importado, perfume;Decante Althaïr - Parfums de Marly | Original Montalk;Compre decante original de Althaïr - Parfums de Marly fracionado em 2ml, 5ml ou 10ml na Montalk. Envio rápido para todo o Brasil.;Parfums de Marly;SIM;;;;
decante-parfums-de-marly-althair;;;Volumetria;5ml;;;;;100.00;;0.03;3;11;16;5;DEC-PARF-ALTHAIR-5ML;;;NÃO;;;;;;SIM;;;;
decante-parfums-de-marly-althair;;;Volumetria;10ml;;;;;180.00;;0.05;5;11;16;5;DEC-PARF-ALTHAIR-10ML;;;NÃO;;;;;;SIM;;;;
decante-parfums-de-marly-delina;Decante Delina - Parfums de Marly;Decantes > Parfums de Marly;Volumetria;2ml;;;;;50.00;;0.02;2;11;16;5;DEC-PARF-DELINA-2ML;;SIM;NÃO;"<p><strong>DELINA</strong> de <strong>PARFUMS DE MARLY</strong> é um perfume <em>Floral Frutado Feminino</em> lançado em <strong>2017</strong>. <em>O perfumista</em> que assina esta fragrância é <strong>Quentin Bisch</strong>.</p><div style=""margin-top: 16px; margin-bottom: 25px; display: flex; flex-direction: column; gap: 10px; font-size: 14.5px; line-height: 1.7;""><div style=""position: relative; padding-left: 20px;""><span style=""color: #C5A880; font-weight: bold; font-size: 18px; position: absolute; left: 0; top: -1px;"">•</span><strong>Notas de Saída (5 a 15 min):</strong> <em>Lichia</em>, <em>Ruibarbo</em> e <em>Bergamota</em></div><div style=""position: relative; padding-left: 20px;""><span style=""color: #C5A880; font-weight: bold; font-size: 18px; position: absolute; left: 0; top: -1px;"">•</span><strong>Notas de Corpo (2 a 6 h):</strong> <em>Rosa Turca</em>, <em>Peônia</em> e <em>Almíscar</em></div><div style=""position: relative; padding-left: 20px;""><span style=""color: #C5A880; font-weight: bold; font-size: 18px; position: absolute; left: 0; top: -1px;"">•</span><strong>Notas de Fundo (6 a 12h+):</strong> <em>Cashmeran</em>, <em>Cedro</em> e <em>Vetiver</em></div></div><p style=""font-family: 'Inter', sans-serif; font-style: italic; font-size: 12.5px; color: #7E786B; border-left: 1.5px solid #C5A880; padding-left: 16px; margin-top: 25px; line-height: 1.7; letter-spacing: 0.15px;"">Os decantes são uma excelente oportunidade para conhecer e testar fragrâncias exclusivas antes de investir em um frasco cheio. Nossos decantes são fracionados de forma profissional diretamente do frasco original em porta-perfumes de vidro com borrifador.</p>";decante, Parfums de Marly, Delina, importado, perfume;Decante Delina - Parfums de Marly | Original Montalk;Compre decante original de Delina - Parfums de Marly fracionado em 2ml, 5ml ou 10ml na Montalk. Envio rápido para todo o Brasil.;Parfums de Marly;SIM;;;;
decante-parfums-de-marly-delina;;;Volumetria;5ml;;;;;100.00;;0.03;3;11;16;5;DEC-PARF-DELINA-5ML;;;NÃO;;;;;;SIM;;;;
decante-parfums-de-marly-delina;;;Volumetria;10ml;;;;;180.00;;0.05;5;11;16;5;DEC-PARF-DELINA-10ML;;;NÃO;;;;;;SIM;;;;
decante-parfums-de-marly-greenley;Decante Greenley - Parfums de Marly;Decantes > Parfums de Marly;Volumetria;2ml;;;;;50.00;;0.02;2;11;16;5;DEC-PARF-GREENLEY-2ML;;SIM;NÃO;"<p><strong>GREENLEY</strong> de <strong>PARFUMS DE MARLY</strong> é um perfume <em>Aromático Verde Compartilhável (Unissex)</em> lançado em <strong>2020</strong>. <em>O perfumista</em> que assina esta fragrância é <strong>Membro da Marly</strong>.</p><div style=""margin-top: 16px; margin-bottom: 25px; display: flex; flex-direction: column; gap: 10px; font-size: 14.5px; line-height: 1.7;""><div style=""position: relative; padding-left: 20px;""><span style=""color: #C5A880; font-weight: bold; font-size: 18px; position: absolute; left: 0; top: -1px;"">•</span><strong>Notas de Saída (5 a 15 min):</strong> <em>Maçã Verde</em>, <em>Calábria</em> e <em>Tangerina</em></div><div style=""position: relative; padding-left: 20px;""><span style=""color: #C5A880; font-weight: bold; font-size: 18px; position: absolute; left: 0; top: -1px;"">•</span><strong>Notas de Corpo (2 a 6 h):</strong> <em>Petitgrain</em>, <em>Cedro</em> e <em>Violeta</em></div><div style=""position: relative; padding-left: 20px;""><span style=""color: #C5A880; font-weight: bold; font-size: 18px; position: absolute; left: 0; top: -1px;"">•</span><strong>Notas de Fundo (6 a 12h+):</strong> <em>Almíscar</em>, <em>Musgo de Carvalho</em> e <em>Amberwood</em></div></div><p style=""font-family: 'Inter', sans-serif; font-style: italic; font-size: 12.5px; color: #7E786B; border-left: 1.5px solid #C5A880; padding-left: 16px; margin-top: 25px; line-height: 1.7; letter-spacing: 0.15px;"">Os decantes são uma excelente oportunidade para conhecer e testar fragrâncias exclusivas antes de investir em um frasco cheio. Nossos decantes são fracionados de forma profissional diretamente do frasco original em porta-perfumes de vidro com borrifador.</p>";decante, Parfums de Marly, Greenley, importado, perfume;Decante Greenley - Parfums de Marly | Original Montalk;Compre decante original de Greenley - Parfums de Marly fracionado em 2ml, 5ml ou 10ml na Montalk. Envio rápido para todo o Brasil.;Parfums de Marly;SIM;;;;
decante-parfums-de-marly-greenley;;;Volumetria;5ml;;;;;100.00;;0.03;3;11;16;5;DEC-PARF-GREENLEY-5ML;;;NÃO;;;;;;SIM;;;;
decante-parfums-de-marly-greenley;;;Volumetria;10ml;;;;;180.00;;0.05;5;11;16;5;DEC-PARF-GREENLEY-10ML;;;NÃO;;;;;;SIM;;;;
decante-parfums-de-marly-haltane;Decante Haltane - Parfums de Marly;Decantes > Parfums de Marly;Volumetria;2ml;;;;;50.00;;0.02;2;11;16;5;DEC-PARF-HALTANE-2ML;;SIM;NÃO;"<p><strong>HALTANE</strong> de <strong>PARFUMS DE MARLY</strong> é um perfume <em>Oriental Amadeirado Masculino</em> lançado em <strong>2021</strong>. <em>O perfumista</em> que assina esta fragrância é <strong>Membro da Marly</strong>.</p><div style=""margin-top: 16px; margin-bottom: 25px; display: flex; flex-direction: column; gap: 10px; font-size: 14.5px; line-height: 1.7;""><div style=""position: relative; padding-left: 20px;""><span style=""color: #C5A880; font-weight: bold; font-size: 18px; position: absolute; left: 0; top: -1px;"">•</span><strong>Notas de Saída (5 a 15 min):</strong> <em>Sálvia Sclarea</em>, <em>Lavanda</em> e <em>Bergamota</em></div><div style=""position: relative; padding-left: 20px;""><span style=""color: #C5A880; font-weight: bold; font-size: 18px; position: absolute; left: 0; top: -1px;"">•</span><strong>Notas de Corpo (2 a 6 h):</strong> <em>Pralinê</em> e <em>Açafrão</em></div><div style=""position: relative; padding-left: 20px;""><span style=""color: #C5A880; font-weight: bold; font-size: 18px; position: absolute; left: 0; top: -1px;"">•</span><strong>Notas de Fundo (6 a 12h+):</strong> <em>Oud</em> e <em>Cedro</em></div></div><p style=""font-family: 'Inter', sans-serif; font-style: italic; font-size: 12.5px; color: #7E786B; border-left: 1.5px solid #C5A880; padding-left: 16px; margin-top: 25px; line-height: 1.7; letter-spacing: 0.15px;"">Os decantes são uma excelente oportunidade para conhecer e testar fragrâncias exclusivas antes de investir em um frasco cheio. Nossos decantes são fracionados de forma profissional diretamente do frasco original em porta-perfumes de vidro com borrifador.</p>";decante, Parfums de Marly, Haltane, importado, perfume;Decante Haltane - Parfums de Marly | Original Montalk;Compre decante original de Haltane - Parfums de Marly fracionado em 2ml, 5ml ou 10ml na Montalk. Envio rápido para todo o Brasil.;Parfums de Marly;SIM;;;;
decante-parfums-de-marly-haltane;;;Volumetria;5ml;;;;;100.00;;0.03;3;11;16;5;DEC-PARF-HALTANE-5ML;;;NÃO;;;;;;SIM;;;;
decante-parfums-de-marly-haltane;;;Volumetria;10ml;;;;;180.00;;0.05;5;11;16;5;DEC-PARF-HALTANE-10ML;;;NÃO;;;;;;SIM;;;;
decante-parfums-de-marly-layton;Decante Layton - Parfums de Marly;Decantes > Parfums de Marly;Volumetria;2ml;;;;;50.00;;0.02;2;11;16;5;DEC-PARF-LAYTON-2ML;;SIM;NÃO;"<p><strong>LAYTON</strong> de <strong>PARFUMS DE MARLY</strong> é um perfume <em>Oriental Floral Masculino</em> lançado em <strong>2016</strong>. <em>O perfumista</em> que assina esta fragrância é <strong>Hamid Merati-Kashani</strong>.</p><div style=""margin-top: 16px; margin-bottom: 25px; display: flex; flex-direction: column; gap: 10px; font-size: 14.5px; line-height: 1.7;""><div style=""position: relative; padding-left: 20px;""><span style=""color: #C5A880; font-weight: bold; font-size: 18px; position: absolute; left: 0; top: -1px;"">•</span><strong>Notas de Saída (5 a 15 min):</strong> <em>Maçã</em>, <em>Lavanda</em> e <em>Bergamota</em></div><div style=""position: relative; padding-left: 20px;""><span style=""color: #C5A880; font-weight: bold; font-size: 18px; position: absolute; left: 0; top: -1px;"">•</span><strong>Notas de Corpo (2 a 6 h):</strong> <em>Gerânio</em>, <em>Violeta</em> e <em>Jasmim</em></div><div style=""position: relative; padding-left: 20px;""><span style=""color: #C5A880; font-weight: bold; font-size: 18px; position: absolute; left: 0; top: -1px;"">•</span><strong>Notas de Fundo (6 a 12h+):</strong> <em>Baunilha</em>, <em>Cardamomo</em>, <em>Sândalo</em> e <em>Guaiac</em></div></div><p style=""font-family: 'Inter', sans-serif; font-style: italic; font-size: 12.5px; color: #7E786B; border-left: 1.5px solid #C5A880; padding-left: 16px; margin-top: 25px; line-height: 1.7; letter-spacing: 0.15px;"">Os decantes são uma excelente oportunidade para conhecer e testar fragrâncias exclusivas antes de investir em um frasco cheio. Nossos decantes são fracionados de forma profissional diretamente do frasco original em porta-perfumes de vidro com borrifador.</p>";decante, Parfums de Marly, Layton, importado, perfume;Decante Layton - Parfums de Marly | Original Montalk;Compre decante original de Layton - Parfums de Marly fracionado em 2ml, 5ml ou 10ml na Montalk. Envio rápido para todo o Brasil.;Parfums de Marly;SIM;;;;
decante-parfums-de-marly-layton;;;Volumetria;5ml;;;;;100.00;;0.03;3;11;16;5;DEC-PARF-LAYTON-5ML;;;NÃO;;;;;;SIM;;;;
decante-parfums-de-marly-layton;;;Volumetria;10ml;;;;;180.00;;0.05;5;11;16;5;DEC-PARF-LAYTON-10ML;;;NÃO;;;;;;SIM;;;;
decante-penhaligons-halfeti;Decante Halfeti - Penhaligon's;Decantes > Penhaligon's;Volumetria;2ml;;;;;50.00;;0.02;2;11;16;5;DEC-PENH-HALFETI-2ML;;SIM;NÃO;"<p><strong>HALFETI</strong> de <strong>PENHALIGON'S</strong> é um perfume <em>Oriental Amadeirado Compartilhável (Unissex)</em> lançado em <strong>2015</strong>. <em>O perfumista</em> que assina esta fragrância é <strong>Christian Provenzano</strong>.</p><div style=""margin-top: 16px; margin-bottom: 25px; display: flex; flex-direction: column; gap: 10px; font-size: 14.5px; line-height: 1.7;""><div style=""position: relative; padding-left: 20px;""><span style=""color: #C5A880; font-weight: bold; font-size: 18px; position: absolute; left: 0; top: -1px;"">•</span><strong>Notas de Saída (5 a 15 min):</strong> <em>Folha de Cipreste</em>, <em>Açafrão</em> e <em>Cardamomo</em></div><div style=""position: relative; padding-left: 20px;""><span style=""color: #C5A880; font-weight: bold; font-size: 18px; position: absolute; left: 0; top: -1px;"">•</span><strong>Notas de Corpo (2 a 6 h):</strong> <em>Rosa</em>, <em>Nutmeg</em> e <em>Jasmin</em></div><div style=""position: relative; padding-left: 20px;""><span style=""color: #C5A880; font-weight: bold; font-size: 18px; position: absolute; left: 0; top: -1px;"">•</span><strong>Notas de Fundo (6 a 12h+):</strong> <em>Couro</em>, <em>Oud</em>, <em>Cedro</em> e <em>Sândalo</em></div></div><p style=""font-family: 'Inter', sans-serif; font-style: italic; font-size: 12.5px; color: #7E786B; border-left: 1.5px solid #C5A880; padding-left: 16px; margin-top: 25px; line-height: 1.7; letter-spacing: 0.15px;"">Os decantes são uma excelente oportunidade para conhecer e testar fragrâncias exclusivas antes de investir em um frasco cheio. Nossos decantes são fracionados de forma profissional diretamente do frasco original em porta-perfumes de vidro com borrifador.</p>";decante, Penhaligon's, Halfeti, importado, perfume;Decante Halfeti - Penhaligon's | Original Montalk;Compre decante original de Halfeti - Penhaligon's fracionado em 2ml, 5ml ou 10ml na Montalk. Envio rápido para todo o Brasil.;Penhaligon's;SIM;;;;
decante-penhaligons-halfeti;;;Volumetria;5ml;;;;;100.00;;0.03;3;11;16;5;DEC-PENH-HALFETI-5ML;;;NÃO;;;;;;SIM;;;;
decante-penhaligons-halfeti;;;Volumetria;10ml;;;;;180.00;;0.05;5;11;16;5;DEC-PENH-HALFETI-10ML;;;NÃO;;;;;;SIM;;;;
decante-penhaligons-luna;Decante Luna - Penhaligon's;Decantes > Penhaligon's;Volumetria;2ml;;;;;50.00;;0.02;2;11;16;5;DEC-PENH-LUNA-2ML;;SIM;NÃO;"<p><strong>LUNA</strong> de <strong>PENHALIGON'S</strong> é um perfume <em>Floral Cítrico Feminino</em> lançado em <strong>2016</strong>. <em>O perfumista</em> que assina esta fragrância é <strong>Membro da Penhaligon</strong>.</p><div style=""margin-top: 16px; margin-bottom: 25px; display: flex; flex-direction: column; gap: 10px; font-size: 14.5px; line-height: 1.7;""><div style=""position: relative; padding-left: 20px;""><span style=""color: #C5A880; font-weight: bold; font-size: 18px; position: absolute; left: 0; top: -1px;"">•</span><strong>Notas de Saída (5 a 15 min):</strong> <em>Limão</em>, <em>Bergamota</em> e <em>Laranja Sanguínea</em></div><div style=""position: relative; padding-left: 20px;""><span style=""color: #C5A880; font-weight: bold; font-size: 18px; position: absolute; left: 0; top: -1px;"">•</span><strong>Notas de Corpo (2 a 6 h):</strong> <em>Rosa</em>, <em>Jasmim</em> e <em>Bagas de Zimbro</em></div><div style=""position: relative; padding-left: 20px;""><span style=""color: #C5A880; font-weight: bold; font-size: 18px; position: absolute; left: 0; top: -1px;"">•</span><strong>Notas de Fundo (6 a 12h+):</strong> <em>Almíscar</em>, <em>Abeto</em> e <em>Âmbar</em></div></div><p style=""font-family: 'Inter', sans-serif; font-style: italic; font-size: 12.5px; color: #7E786B; border-left: 1.5px solid #C5A880; padding-left: 16px; margin-top: 25px; line-height: 1.7; letter-spacing: 0.15px;"">Os decantes são uma excelente oportunidade para conhecer e testar fragrâncias exclusivas antes de investir em um frasco cheio. Nossos decantes são fracionados de forma profissional diretamente do frasco original em porta-perfumes de vidro com borrifador.</p>";decante, Penhaligon's, Luna, importado, perfume;Decante Luna - Penhaligon's | Original Montalk;Compre decante original de Luna - Penhaligon's fracionado em 2ml, 5ml ou 10ml na Montalk. Envio rápido para todo o Brasil.;Penhaligon's;SIM;;;;
decante-penhaligons-luna;;;Volumetria;5ml;;;;;100.00;;0.03;3;11;16;5;DEC-PENH-LUNA-5ML;;;NÃO;;;;;;SIM;;;;
decante-penhaligons-luna;;;Volumetria;10ml;;;;;180.00;;0.05;5;11;16;5;DEC-PENH-LUNA-10ML;;;NÃO;;;;;;SIM;;;;
decante-penhaligons-the-tragedy-of-lord-george;Decante The Tragedy of Lord George - Penhaligon's;Decantes > Penhaligon's;Volumetria;2ml;;;;;50.00;;0.02;2;11;16;5;DEC-PENH-THETRAGEDYOF-2ML;;SIM;NÃO;"<p><strong>THE TRAGEDY OF LORD GEORGE</strong> de <strong>PENHALIGON'S</strong> é um perfume <em>Oriental Amadeirado Masculino</em> lançado em <strong>2016</strong>. <em>O perfumista</em> que assina esta fragrância é <strong>Alberto Morillas</strong>.</p><div style=""margin-top: 16px; margin-bottom: 25px; display: flex; flex-direction: column; gap: 10px; font-size: 14.5px; line-height: 1.7;""><div style=""position: relative; padding-left: 20px;""><span style=""color: #C5A880; font-weight: bold; font-size: 18px; position: absolute; left: 0; top: -1px;"">•</span><strong>Notas de Saída (5 a 15 min):</strong> <em>Conhaque</em></div><div style=""position: relative; padding-left: 20px;""><span style=""color: #C5A880; font-weight: bold; font-size: 18px; position: absolute; left: 0; top: -1px;"">•</span><strong>Notas de Corpo (2 a 6 h):</strong> <em>Notas de Barbear</em> e <em>Sabão</em></div><div style=""position: relative; padding-left: 20px;""><span style=""color: #C5A880; font-weight: bold; font-size: 18px; position: absolute; left: 0; top: -1px;"">•</span><strong>Notas de Fundo (6 a 12h+):</strong> <em>Madeira de Âmbar</em> e <em>Fava Tonka</em></div></div><p style=""font-family: 'Inter', sans-serif; font-style: italic; font-size: 12.5px; color: #7E786B; border-left: 1.5px solid #C5A880; padding-left: 16px; margin-top: 25px; line-height: 1.7; letter-spacing: 0.15px;"">Os decantes são uma excelente oportunidade para conhecer e testar fragrâncias exclusivas antes de investir em um frasco cheio. Nossos decantes são fracionados de forma profissional diretamente do frasco original em porta-perfumes de vidro com borrifador.</p>";decante, Penhaligon's, The Tragedy of Lord George, importado, perfume;Decante The Tragedy of Lord George - Penhaligon's | Original Montalk;Compre decante original de The Tragedy of Lord George - Penhaligon's fracionado em 2ml, 5ml ou 10ml na Montalk. Envio rápido para todo o Brasil.;Penhaligon's;SIM;;;;
decante-penhaligons-the-tragedy-of-lord-george;;;Volumetria;5ml;;;;;100.00;;0.03;3;11;16;5;DEC-PENH-THETRAGEDYOF-5ML;;;NÃO;;;;;;SIM;;;;
decante-penhaligons-the-tragedy-of-lord-george;;;Volumetria;10ml;;;;;180.00;;0.05;5;11;16;5;DEC-PENH-THETRAGEDYOF-10ML;;;NÃO;;;;;;SIM;;;;
decante-replica-by-the-fireplace;Decante By the Fireplace - Replica;Decantes > Replica;Volumetria;2ml;;;;;50.00;;0.02;2;11;16;5;DEC-REPL-BYTHEFIREPLA-2ML;;SIM;NÃO;"<p><strong>BY THE FIREPLACE</strong> de <strong>REPLICA</strong> é um perfume <em>Oriental Amadeirado Compartilhável (Unissex)</em> lançado em <strong>2015</strong>. <em>O perfumista</em> que assina esta fragrância é <strong>Marie Salamagne</strong>.</p><div style=""margin-top: 16px; margin-bottom: 25px; display: flex; flex-direction: column; gap: 10px; font-size: 14.5px; line-height: 1.7;""><div style=""position: relative; padding-left: 20px;""><span style=""color: #C5A880; font-weight: bold; font-size: 18px; position: absolute; left: 0; top: -1px;"">•</span><strong>Notas de Saída (5 a 15 min):</strong> <em>Cravo-da-Índia</em>, <em>Pimenta Rosa</em> e <em>Flor de Laranjeira</em></div><div style=""position: relative; padding-left: 20px;""><span style=""color: #C5A880; font-weight: bold; font-size: 18px; position: absolute; left: 0; top: -1px;"">•</span><strong>Notas de Corpo (2 a 6 h):</strong> <em>Castanha</em>, <em>Madeira Guaiac</em> e <em>Zimbro</em></div><div style=""position: relative; padding-left: 20px;""><span style=""color: #C5A880; font-weight: bold; font-size: 18px; position: absolute; left: 0; top: -1px;"">•</span><strong>Notas de Fundo (6 a 12h+):</strong> <em>Baunilha</em>, <em>Peru Balsam</em> e <em>Cashmeran</em></div></div><p style=""font-family: 'Inter', sans-serif; font-style: italic; font-size: 12.5px; color: #7E786B; border-left: 1.5px solid #C5A880; padding-left: 16px; margin-top: 25px; line-height: 1.7; letter-spacing: 0.15px;"">Os decantes são uma excelente oportunidade para conhecer e testar fragrâncias exclusivas antes de investir em um frasco cheio. Nossos decantes são fracionados de forma profissional diretamente do frasco original em porta-perfumes de vidro com borrifador.</p>";decante, Replica, By the Fireplace, importado, perfume;Decante By the Fireplace - Replica | Original Montalk;Compre decante original de By the Fireplace - Replica fracionado em 2ml, 5ml ou 10ml na Montalk. Envio rápido para todo o Brasil.;Replica;SIM;;;;
decante-replica-by-the-fireplace;;;Volumetria;5ml;;;;;100.00;;0.03;3;11;16;5;DEC-REPL-BYTHEFIREPLA-5ML;;;NÃO;;;;;;SIM;;;;
decante-replica-by-the-fireplace;;;Volumetria;10ml;;;;;180.00;;0.05;5;11;16;5;DEC-REPL-BYTHEFIREPLA-10ML;;;NÃO;;;;;;SIM;;;;
decante-replica-jazz-club;Decante Jazz Club - Replica;Decantes > Replica;Volumetria;2ml;;;;;50.00;;0.02;2;11;16;5;DEC-REPL-JAZZCLUB-2ML;;SIM;NÃO;"<p><strong>JAZZ CLUB</strong> de <strong>REPLICA</strong> é um perfume <em>Oriental Couro Masculino</em> lançado em <strong>2013</strong>. <em>O perfumista</em> que assina esta fragrância é <strong>Alienor Massenet</strong>.</p><div style=""margin-top: 16px; margin-bottom: 25px; display: flex; flex-direction: column; gap: 10px; font-size: 14.5px; line-height: 1.7;""><div style=""position: relative; padding-left: 20px;""><span style=""color: #C5A880; font-weight: bold; font-size: 18px; position: absolute; left: 0; top: -1px;"">•</span><strong>Notas de Saída (5 a 15 min):</strong> <em>Pimenta Rosa</em>, <em>Néroli</em> e <em>Limão</em></div><div style=""position: relative; padding-left: 20px;""><span style=""color: #C5A880; font-weight: bold; font-size: 18px; position: absolute; left: 0; top: -1px;"">•</span><strong>Notas de Corpo (2 a 6 h):</strong> <em>Rum</em>, <em>Óleo de Vetiver Java</em> e <em>Sálvia Clary</em></div><div style=""position: relative; padding-left: 20px;""><span style=""color: #C5A880; font-weight: bold; font-size: 18px; position: absolute; left: 0; top: -1px;"">•</span><strong>Notas de Fundo (6 a 12h+):</strong> <em>Folha de Tabaco</em>, <em>Vagem de Baunilha</em> e <em>Styrax</em></div></div><p style=""font-family: 'Inter', sans-serif; font-style: italic; font-size: 12.5px; color: #7E786B; border-left: 1.5px solid #C5A880; padding-left: 16px; margin-top: 25px; line-height: 1.7; letter-spacing: 0.15px;"">Os decantes são uma excelente oportunidade para conhecer e testar fragrâncias exclusivas antes de investir em um frasco cheio. Nossos decantes são fracionados de forma profissional diretamente do frasco original em porta-perfumes de vidro com borrifador.</p>";decante, Replica, Jazz Club, importado, perfume;Decante Jazz Club - Replica | Original Montalk;Compre decante original de Jazz Club - Replica fracionado em 2ml, 5ml ou 10ml na Montalk. Envio rápido para todo o Brasil.;Replica;SIM;;;;
decante-replica-jazz-club;;;Volumetria;5ml;;;;;100.00;;0.03;3;11;16;5;DEC-REPL-JAZZCLUB-5ML;;;NÃO;;;;;;SIM;;;;
decante-replica-jazz-club;;;Volumetria;10ml;;;;;180.00;;0.05;5;11;16;5;DEC-REPL-JAZZCLUB-10ML;;;NÃO;;;;;;SIM;;;;
decante-roja-parfums-burlington-1819;Decante Burlington 1819 - Roja Parfums;Decantes > Roja Parfums;Volumetria;2ml;;;;;50.00;;0.02;2;11;16;5;DEC-ROJA-BURLINGTON18-2ML;;SIM;NÃO;"<p><strong>BURLINGTON 1819</strong> de <strong>ROJA PARFUMS</strong> é um perfume <em>Oriental Amadeirado Compartilhável (Unissex)</em> lançado em <strong>2020</strong>. <em>O perfumista</em> que assina esta fragrância é <strong>Roja Dove</strong>.</p><div style=""margin-top: 16px; margin-bottom: 25px; display: flex; flex-direction: column; gap: 10px; font-size: 14.5px; line-height: 1.7;""><div style=""position: relative; padding-left: 20px;""><span style=""color: #C5A880; font-weight: bold; font-size: 18px; position: absolute; left: 0; top: -1px;"">•</span><strong>Notas de Saída (5 a 15 min):</strong> <em>Toranja</em>, <em>Hortelã</em>, <em>Lima</em>, <em>Laranja Amarga</em> e <em>Mandarina</em></div><div style=""position: relative; padding-left: 20px;""><span style=""color: #C5A880; font-weight: bold; font-size: 18px; position: absolute; left: 0; top: -1px;"">•</span><strong>Notas de Corpo (2 a 6 h):</strong> <em>Gengibre</em>, <em>Cominho</em>, <em>Açafrão</em>, <em>Canela</em>, <em>Benjoim</em> e <em>Ládano</em></div><div style=""position: relative; padding-left: 20px;""><span style=""color: #C5A880; font-weight: bold; font-size: 18px; position: absolute; left: 0; top: -1px;"">•</span><strong>Notas de Fundo (6 a 12h+):</strong> <em>Tabaco</em>, <em>Âmbar Cinzento</em>, <em>Musgo de Carvalho</em>, <em>Rum</em>, <em>Madeira de Cashmere</em>, <em>Almíscar</em>, <em>Cedro</em> e <em>Baunilha</em></div></div><p style=""font-family: 'Inter', sans-serif; font-style: italic; font-size: 12.5px; color: #7E786B; border-left: 1.5px solid #C5A880; padding-left: 16px; margin-top: 25px; line-height: 1.7; letter-spacing: 0.15px;"">Os decantes são uma excelente oportunidade para conhecer e testar fragrâncias exclusivas antes de investir em um frasco cheio. Nossos decantes são fracionados de forma profissional diretamente do frasco original em porta-perfumes de vidro com borrifador.</p>";decante, Roja Parfums, Burlington 1819, importado, perfume;Decante Burlington 1819 - Roja Parfums | Original Montalk;Compre decante original de Burlington 1819 - Roja Parfums fracionado em 2ml, 5ml ou 10ml na Montalk. Envio rápido para todo o Brasil.;Roja Parfums;SIM;;;;
decante-roja-parfums-burlington-1819;;;Volumetria;5ml;;;;;100.00;;0.03;3;11;16;5;DEC-ROJA-BURLINGTON18-5ML;;;NÃO;;;;;;SIM;;;;
decante-roja-parfums-burlington-1819;;;Volumetria;10ml;;;;;180.00;;0.05;5;11;16;5;DEC-ROJA-BURLINGTON18-10ML;;;NÃO;;;;;;SIM;;;;
decante-roja-parfums-elysium-cologne;Decante Elysium (Cologne) - Roja Parfums;Decantes > Roja Parfums;Volumetria;2ml;;;;;50.00;;0.02;2;11;16;5;DEC-ROJA-ELYSIUMCOLOG-2ML;;SIM;NÃO;"<p><strong>ELYSIUM (COLOGNE)</strong> de <strong>ROJA PARFUMS</strong> é um perfume <em>Cítrico Aromático Masculino</em> lançado em <strong>2017</strong>. <em>O perfumista</em> que assina esta fragrância é <strong>Roja Dove</strong>.</p><div style=""margin-top: 16px; margin-bottom: 25px; display: flex; flex-direction: column; gap: 10px; font-size: 14.5px; line-height: 1.7;""><div style=""position: relative; padding-left: 20px;""><span style=""color: #C5A880; font-weight: bold; font-size: 18px; position: absolute; left: 0; top: -1px;"">•</span><strong>Notas de Saída (5 a 15 min):</strong> <em>Toranja</em>, <em>Limão</em>, <em>Gálbano</em> e <em>Lima</em></div><div style=""position: relative; padding-left: 20px;""><span style=""color: #C5A880; font-weight: bold; font-size: 18px; position: absolute; left: 0; top: -1px;"">•</span><strong>Notas de Corpo (2 a 6 h):</strong> <em>Vetiver</em>, <em>Bagas de Zimbro</em> e <em>Gengibre</em></div><div style=""position: relative; padding-left: 20px;""><span style=""color: #C5A880; font-weight: bold; font-size: 18px; position: absolute; left: 0; top: -1px;"">•</span><strong>Notas de Fundo (6 a 12h+):</strong> <em>Ambergris</em>, <em>Couro</em>, <em>Musgo de Carvalho</em> e <em>Baunilha</em></div></div><p style=""font-family: 'Inter', sans-serif; font-style: italic; font-size: 12.5px; color: #7E786B; border-left: 1.5px solid #C5A880; padding-left: 16px; margin-top: 25px; line-height: 1.7; letter-spacing: 0.15px;"">Os decantes são uma excelente oportunidade para conhecer e testar fragrâncias exclusivas antes de investir em um frasco cheio. Nossos decantes são fracionados de forma profissional diretamente do frasco original em porta-perfumes de vidro com borrifador.</p>";decante, Roja Parfums, Elysium (Cologne), importado, perfume;Decante Elysium (Cologne) - Roja Parfums | Original Montalk;Compre decante original de Elysium (Cologne) - Roja Parfums fracionado em 2ml, 5ml ou 10ml na Montalk. Envio rápido para todo o Brasil.;Roja Parfums;SIM;;;;
decante-roja-parfums-elysium-cologne;;;Volumetria;5ml;;;;;100.00;;0.03;3;11;16;5;DEC-ROJA-ELYSIUMCOLOG-5ML;;;NÃO;;;;;;SIM;;;;
decante-roja-parfums-elysium-cologne;;;Volumetria;10ml;;;;;180.00;;0.05;5;11;16;5;DEC-ROJA-ELYSIUMCOLOG-10ML;;;NÃO;;;;;;SIM;;;;
decante-roja-parfums-enigma;Decante Enigma - Roja Parfums;Decantes > Roja Parfums;Volumetria;2ml;;;;;50.00;;0.02;2;11;16;5;DEC-ROJA-ENIGMA-2ML;;SIM;NÃO;"<p><strong>ENIGMA</strong> de <strong>ROJA PARFUMS</strong> é um perfume <em>Oriental Amadeirado Masculino</em> lançado em <strong>2013</strong>. <em>O perfumista</em> que assina esta fragrância é <strong>Roja Dove</strong>.</p><div style=""margin-top: 16px; margin-bottom: 25px; display: flex; flex-direction: column; gap: 10px; font-size: 14.5px; line-height: 1.7;""><div style=""position: relative; padding-left: 20px;""><span style=""color: #C5A880; font-weight: bold; font-size: 18px; position: absolute; left: 0; top: -1px;"">•</span><strong>Notas de Saída (5 a 15 min):</strong> <em>Bergamota</em></div><div style=""position: relative; padding-left: 20px;""><span style=""color: #C5A880; font-weight: bold; font-size: 18px; position: absolute; left: 0; top: -1px;"">•</span><strong>Notas de Corpo (2 a 6 h):</strong> <em>Heliotrópio</em>, <em>Jasmim</em> e <em>Rosa de Maio</em></div><div style=""position: relative; padding-left: 20px;""><span style=""color: #C5A880; font-weight: bold; font-size: 18px; position: absolute; left: 0; top: -1px;"">•</span><strong>Notas de Fundo (6 a 12h+):</strong> <em>Tabaco</em>, <em>Conhaque</em>, <em>Baunilha</em> e <em>Benzoin</em></div></div><p style=""font-family: 'Inter', sans-serif; font-style: italic; font-size: 12.5px; color: #7E786B; border-left: 1.5px solid #C5A880; padding-left: 16px; margin-top: 25px; line-height: 1.7; letter-spacing: 0.15px;"">Os decantes são uma excelente oportunidade para conhecer e testar fragrâncias exclusivas antes de investir em um frasco cheio. Nossos decantes são fracionados de forma profissional diretamente do frasco original em porta-perfumes de vidro com borrifador.</p>";decante, Roja Parfums, Enigma, importado, perfume;Decante Enigma - Roja Parfums | Original Montalk;Compre decante original de Enigma - Roja Parfums fracionado em 2ml, 5ml ou 10ml na Montalk. Envio rápido para todo o Brasil.;Roja Parfums;SIM;;;;
decante-roja-parfums-enigma;;;Volumetria;5ml;;;;;100.00;;0.03;3;11;16;5;DEC-ROJA-ENIGMA-5ML;;;NÃO;;;;;;SIM;;;;
decante-roja-parfums-enigma;;;Volumetria;10ml;;;;;180.00;;0.05;5;11;16;5;DEC-ROJA-ENIGMA-10ML;;;NÃO;;;;;;SIM;;;;
decante-tom-ford-lost-cherry;Decante Lost Cherry - Tom Ford;Decantes > Tom Ford;Volumetria;2ml;;;;;50.00;;0.02;2;11;16;5;DEC-TOM--LOSTCHERRY-2ML;;SIM;NÃO;"<p><strong>LOST CHERRY</strong> de <strong>TOM FORD</strong> é um perfume <em>Oriental Floral Compartilhável (Unissex)</em> lançado em <strong>2018</strong>. <em>O perfumista</em> que assina esta fragrância é <strong>Louise Turner</strong>.</p><div style=""margin-top: 16px; margin-bottom: 25px; display: flex; flex-direction: column; gap: 10px; font-size: 14.5px; line-height: 1.7;""><div style=""position: relative; padding-left: 20px;""><span style=""color: #C5A880; font-weight: bold; font-size: 18px; position: absolute; left: 0; top: -1px;"">•</span><strong>Notas de Saída (5 a 15 min):</strong> <em>Cereja Preta</em>, <em>Licor de Cereja</em> e <em>Amêndoa Amarga</em></div><div style=""position: relative; padding-left: 20px;""><span style=""color: #C5A880; font-weight: bold; font-size: 18px; position: absolute; left: 0; top: -1px;"">•</span><strong>Notas de Corpo (2 a 6 h):</strong> <em>Rosa Turca</em> e <em>Jasmim Sambac</em></div><div style=""position: relative; padding-left: 20px;""><span style=""color: #C5A880; font-weight: bold; font-size: 18px; position: absolute; left: 0; top: -1px;"">•</span><strong>Notas de Fundo (6 a 12h+):</strong> <em>Fava Tonka</em>, <em>Sândalo</em> e <em>Vetiver</em></div></div><p style=""font-family: 'Inter', sans-serif; font-style: italic; font-size: 12.5px; color: #7E786B; border-left: 1.5px solid #C5A880; padding-left: 16px; margin-top: 25px; line-height: 1.7; letter-spacing: 0.15px;"">Os decantes são uma excelente oportunidade para conhecer e testar fragrâncias exclusivas antes de investir em um frasco cheio. Nossos decantes são fracionados de forma profissional diretamente do frasco original em porta-perfumes de vidro com borrifador.</p>";decante, Tom Ford, Lost Cherry, importado, perfume;Decante Lost Cherry - Tom Ford | Original Montalk;Compre decante original de Lost Cherry - Tom Ford fracionado em 2ml, 5ml ou 10ml na Montalk. Envio rápido para todo o Brasil.;Tom Ford;SIM;;;;
decante-tom-ford-lost-cherry;;;Volumetria;5ml;;;;;100.00;;0.03;3;11;16;5;DEC-TOM--LOSTCHERRY-5ML;;;NÃO;;;;;;SIM;;;;
decante-tom-ford-lost-cherry;;;Volumetria;10ml;;;;;180.00;;0.05;5;11;16;5;DEC-TOM--LOSTCHERRY-10ML;;;NÃO;;;;;;SIM;;;;
decante-tom-ford-oud-wood;Decante Oud Wood - Tom Ford;Decantes > Tom Ford;Volumetria;2ml;;;;;50.00;;0.02;2;11;16;5;DEC-TOM--OUDWOOD-2ML;;SIM;NÃO;"<p><strong>OUD WOOD</strong> de <strong>TOM FORD</strong> é um perfume <em>Oriental Amadeirado Compartilhável (Unissex)</em> lançado em <strong>2007</strong>. <em>O perfumista</em> que assina esta fragrância é <strong>Richard Herpin</strong>.</p><div style=""margin-top: 16px; margin-bottom: 25px; display: flex; flex-direction: column; gap: 10px; font-size: 14.5px; line-height: 1.7;""><div style=""position: relative; padding-left: 20px;""><span style=""color: #C5A880; font-weight: bold; font-size: 18px; position: absolute; left: 0; top: -1px;"">•</span><strong>Notas de Saída (5 a 15 min):</strong> <em>Pimenta Sichuan</em> e <em>Cardamomo</em></div><div style=""position: relative; padding-left: 20px;""><span style=""color: #C5A880; font-weight: bold; font-size: 18px; position: absolute; left: 0; top: -1px;"">•</span><strong>Notas de Corpo (2 a 6 h):</strong> <em>Agarwood (Oud)</em>, <em>Sândalo</em> e <em>Vetiver</em></div><div style=""position: relative; padding-left: 20px;""><span style=""color: #C5A880; font-weight: bold; font-size: 18px; position: absolute; left: 0; top: -1px;"">•</span><strong>Notas de Fundo (6 a 12h+):</strong> <em>Fava Tonka</em>, <em>Baunilha</em> e <em>Âmbar</em></div></div><p style=""font-family: 'Inter', sans-serif; font-style: italic; font-size: 12.5px; color: #7E786B; border-left: 1.5px solid #C5A880; padding-left: 16px; margin-top: 25px; line-height: 1.7; letter-spacing: 0.15px;"">Os decantes são uma excelente oportunidade para conhecer e testar fragrâncias exclusivas antes de investir em um frasco cheio. Nossos decantes são fracionados de forma profissional diretamente do frasco original em porta-perfumes de vidro com borrifador.</p>";decante, Tom Ford, Oud Wood, importado, perfume;Decante Oud Wood - Tom Ford | Original Montalk;Compre decante original de Oud Wood - Tom Ford fracionado em 2ml, 5ml ou 10ml na Montalk. Envio rápido para todo o Brasil.;Tom Ford;SIM;;;;
decante-tom-ford-oud-wood;;;Volumetria;5ml;;;;;100.00;;0.03;3;11;16;5;DEC-TOM--OUDWOOD-5ML;;;NÃO;;;;;;SIM;;;;
decante-tom-ford-oud-wood;;;Volumetria;10ml;;;;;180.00;;0.05;5;11;16;5;DEC-TOM--OUDWOOD-10ML;;;NÃO;;;;;;SIM;;;;
decante-xerjoff-alexandria-ii;Decante Alexandria II - Xerjoff;Decantes > Xerjoff;Volumetria;2ml;;;;;50.00;;0.02;2;11;16;5;DEC-XERJ-ALEXANDRIAII-2ML;;SIM;NÃO;"<p><strong>ALEXANDRIA II</strong> de <strong>XERJOFF</strong> é um perfume <em>Oriental Amadeirado Compartilhável (Unissex)</em> lançado em <strong>2012</strong>. <em>O perfumista</em> que assina esta fragrância é <strong>Chris Maurice</strong>.</p><div style=""margin-top: 16px; margin-bottom: 25px; display: flex; flex-direction: column; gap: 10px; font-size: 14.5px; line-height: 1.7;""><div style=""position: relative; padding-left: 20px;""><span style=""color: #C5A880; font-weight: bold; font-size: 18px; position: absolute; left: 0; top: -1px;"">•</span><strong>Notas de Saída (5 a 15 min):</strong> <em>Jacarandá</em>, <em>Lavanda</em>, <em>Canela</em> e <em>Maçã</em></div><div style=""position: relative; padding-left: 20px;""><span style=""color: #C5A880; font-weight: bold; font-size: 18px; position: absolute; left: 0; top: -1px;"">•</span><strong>Notas de Corpo (2 a 6 h):</strong> <em>Rosa</em>, <em>Cedro</em> e <em>Lírio-do-Vale</em></div><div style=""position: relative; padding-left: 20px;""><span style=""color: #C5A880; font-weight: bold; font-size: 18px; position: absolute; left: 0; top: -1px;"">•</span><strong>Notas de Fundo (6 a 12h+):</strong> <em>Oud</em>, <em>Sândalo</em>, <em>Âmbar</em> e <em>Baunilha</em></div></div><p style=""font-family: 'Inter', sans-serif; font-style: italic; font-size: 12.5px; color: #7E786B; border-left: 1.5px solid #C5A880; padding-left: 16px; margin-top: 25px; line-height: 1.7; letter-spacing: 0.15px;"">Os decantes são uma excelente oportunidade para conhecer e testar fragrâncias exclusivas antes de investir em um frasco cheio. Nossos decantes são fracionados de forma profissional diretamente do frasco original em porta-perfumes de vidro com borrifador.</p>";decante, Xerjoff, Alexandria II, importado, perfume;Decante Alexandria II - Xerjoff | Original Montalk;Compre decante original de Alexandria II - Xerjoff fracionado em 2ml, 5ml ou 10ml na Montalk. Envio rápido para todo o Brasil.;Xerjoff;SIM;;;;
decante-xerjoff-alexandria-ii;;;Volumetria;5ml;;;;;100.00;;0.03;3;11;16;5;DEC-XERJ-ALEXANDRIAII-5ML;;;NÃO;;;;;;SIM;;;;
decante-xerjoff-alexandria-ii;;;Volumetria;10ml;;;;;180.00;;0.05;5;11;16;5;DEC-XERJ-ALEXANDRIAII-10ML;;;NÃO;;;;;;SIM;;;;
decante-xerjoff-erba-pura;Decante Erba Pura - Xerjoff;Decantes > Xerjoff;Volumetria;2ml;;;;;50.00;;0.02;2;11;16;5;DEC-XERJ-ERBAPURA-2ML;;SIM;NÃO;"<p><strong>ERBA PURA</strong> de <strong>XERJOFF</strong> é um perfume <em>Oriental Frutado Compartilhável (Unissex)</em> lançado em <strong>2019</strong>. <em>Os perfumistas</em> que assinam esta fragrância são <strong>Christian Carbonnel e Laura Santander</strong>.</p><div style=""margin-top: 16px; margin-bottom: 25px; display: flex; flex-direction: column; gap: 10px; font-size: 14.5px; line-height: 1.7;""><div style=""position: relative; padding-left: 20px;""><span style=""color: #C5A880; font-weight: bold; font-size: 18px; position: absolute; left: 0; top: -1px;"">•</span><strong>Notas de Saída (5 a 15 min):</strong> <em>Laranja Sanguínea</em>, <em>Bergamota</em> e <em>Limão Siciliano</em></div><div style=""position: relative; padding-left: 20px;""><span style=""color: #C5A880; font-weight: bold; font-size: 18px; position: absolute; left: 0; top: -1px;"">•</span><strong>Notas de Corpo (2 a 6 h):</strong> <em>Frutas Médias</em></div><div style=""position: relative; padding-left: 20px;""><span style=""color: #C5A880; font-weight: bold; font-size: 18px; position: absolute; left: 0; top: -1px;"">•</span><strong>Notas de Fundo (6 a 12h+):</strong> <em>Almíscar Branco</em>, <em>Âmbar Cinzento</em> e <em>Baunilha de Madagascar</em></div></div><p style=""font-family: 'Inter', sans-serif; font-style: italic; font-size: 12.5px; color: #7E786B; border-left: 1.5px solid #C5A880; padding-left: 16px; margin-top: 25px; line-height: 1.7; letter-spacing: 0.15px;"">Os decantes são uma excelente oportunidade para conhecer e testar fragrâncias exclusivas antes de investir em um frasco cheio. Nossos decantes são fracionados de forma profissional diretamente do frasco original em porta-perfumes de vidro com borrifador.</p>";decante, Xerjoff, Erba Pura, importado, perfume;Decante Erba Pura - Xerjoff | Original Montalk;Compre decante original de Erba Pura - Xerjoff fracionado em 2ml, 5ml ou 10ml na Montalk. Envio rápido para todo o Brasil.;Xerjoff;SIM;;;;
decante-xerjoff-erba-pura;;;Volumetria;5ml;;;;;100.00;;0.03;3;11;16;5;DEC-XERJ-ERBAPURA-5ML;;;NÃO;;;;;;SIM;;;;
decante-xerjoff-erba-pura;;;Volumetria;10ml;;;;;180.00;;0.05;5;11;16;5;DEC-XERJ-ERBAPURA-10ML;;;NÃO;;;;;;SIM;;;;
decante-xerjoff-naxos;Decante Naxos - Xerjoff;Decantes > Xerjoff;Volumetria;2ml;;;;;50.00;;0.02;2;11;16;5;DEC-XERJ-NAXOS-2ML;;SIM;NÃO;"<p><strong>NAXOS</strong> de <strong>XERJOFF</strong> é um perfume <em>Oriental Especiado Compartilhável (Unissex)</em> lançado em <strong>2015</strong>. <em>O perfumista</em> que assina esta fragrância é <strong>Chris Maurice</strong>.</p><div style=""margin-top: 16px; margin-bottom: 25px; display: flex; flex-direction: column; gap: 10px; font-size: 14.5px; line-height: 1.7;""><div style=""position: relative; padding-left: 20px;""><span style=""color: #C5A880; font-weight: bold; font-size: 18px; position: absolute; left: 0; top: -1px;"">•</span><strong>Notas de Saída (5 a 15 min):</strong> <em>Lavanda</em>, <em>Bergamota</em> e <em>Limão</em></div><div style=""position: relative; padding-left: 20px;""><span style=""color: #C5A880; font-weight: bold; font-size: 18px; position: absolute; left: 0; top: -1px;"">•</span><strong>Notas de Corpo (2 a 6 h):</strong> <em>Mel</em>, <em>Canela</em>, <em>Cashmeran</em> e <em>Jasmim Sambac</em></div><div style=""position: relative; padding-left: 20px;""><span style=""color: #C5A880; font-weight: bold; font-size: 18px; position: absolute; left: 0; top: -1px;"">•</span><strong>Notas de Fundo (6 a 12h+):</strong> <em>Folha de Tabaco</em>, <em>Baunilha</em> e <em>Fava Tonka</em></div></div><p style=""font-family: 'Inter', sans-serif; font-style: italic; font-size: 12.5px; color: #7E786B; border-left: 1.5px solid #C5A880; padding-left: 16px; margin-top: 25px; line-height: 1.7; letter-spacing: 0.15px;"">Os decantes são uma excelente oportunidade para conhecer e testar fragrâncias exclusivas antes de investir em um frasco cheio. Nossos decantes são fracionados de forma profissional diretamente do frasco original em porta-perfumes de vidro com borrifador.</p>";decante, Xerjoff, Naxos, importado, perfume;Decante Naxos - Xerjoff | Original Montalk;Compre decante original de Naxos - Xerjoff fracionado em 2ml, 5ml ou 10ml na Montalk. Envio rápido para todo o Brasil.;Xerjoff;SIM;;;;
decante-xerjoff-naxos;;;Volumetria;5ml;;;;;100.00;;0.03;3;11;16;5;DEC-XERJ-NAXOS-5ML;;;NÃO;;;;;;SIM;;;;
decante-xerjoff-naxos;;;Volumetria;10ml;;;;;180.00;;0.05;5;11;16;5;DEC-XERJ-NAXOS-10ML;;;NÃO;;;;;;SIM;;;;
decante-xerjoff-renaissance;Decante Renaissance - Xerjoff;Decantes > Xerjoff;Volumetria;2ml;;;;;50.00;;0.02;2;11;16;5;DEC-XERJ-RENAISSANCE-2ML;;SIM;NÃO;"<p><strong>RENAISSANCE</strong> de <strong>XERJOFF</strong> é um perfume <em>Cítrico Aromático Compartilhável (Unissex)</em> lançado em <strong>2011</strong>. <em>O perfumista</em> que assina esta fragrância é <strong>Chris Maurice</strong>.</p><div style=""margin-top: 16px; margin-bottom: 25px; display: flex; flex-direction: column; gap: 10px; font-size: 14.5px; line-height: 1.7;""><div style=""position: relative; padding-left: 20px;""><span style=""color: #C5A880; font-weight: bold; font-size: 18px; position: absolute; left: 0; top: -1px;"">•</span><strong>Notas de Saída (5 a 15 min):</strong> <em>Limão de Amalfi</em>, <em>Tangerina</em>, <em>Bergamota</em> e <em>Petitgrain</em></div><div style=""position: relative; padding-left: 20px;""><span style=""color: #C5A880; font-weight: bold; font-size: 18px; position: absolute; left: 0; top: -1px;"">•</span><strong>Notas de Corpo (2 a 6 h):</strong> <em>Hortelã</em>, <em>Lírio-do-Vale</em> e <em>Rosa</em></div><div style=""position: relative; padding-left: 20px;""><span style=""color: #C5A880; font-weight: bold; font-size: 18px; position: absolute; left: 0; top: -1px;"">•</span><strong>Notas de Fundo (6 a 12h+):</strong> <em>Almíscar</em>, <em>Âmbar</em> e <em>Cedro</em></div></div><p style=""font-family: 'Inter', sans-serif; font-style: italic; font-size: 12.5px; color: #7E786B; border-left: 1.5px solid #C5A880; padding-left: 16px; margin-top: 25px; line-height: 1.7; letter-spacing: 0.15px;"">Os decantes são uma excelente oportunidade para conhecer e testar fragrâncias exclusivas antes de investir em um frasco cheio. Nossos decantes são fracionados de forma profissional diretamente do frasco original em porta-perfumes de vidro com borrifador.</p>";decante, Xerjoff, Renaissance, importado, perfume;Decante Renaissance - Xerjoff | Original Montalk;Compre decante original de Renaissance - Xerjoff fracionado em 2ml, 5ml ou 10ml na Montalk. Envio rápido para todo o Brasil.;Xerjoff;SIM;;;;
decante-xerjoff-renaissance;;;Volumetria;5ml;;;;;100.00;;0.03;3;11;16;5;DEC-XERJ-RENAISSANCE-5ML;;;NÃO;;;;;;SIM;;;;
decante-xerjoff-renaissance;;;Volumetria;10ml;;;;;180.00;;0.05;5;11;16;5;DEC-XERJ-RENAISSANCE-10ML;;;NÃO;;;;;;SIM;;;;
decante-xerjoff-torino-21;Decante Torino 21 - Xerjoff;Decantes > Xerjoff;Volumetria;2ml;;;;;50.00;;0.02;2;11;16;5;DEC-XERJ-TORINO21-2ML;;SIM;NÃO;"<p><strong>TORINO 21</strong> de <strong>XERJOFF</strong> é um perfume <em>Aromático Verde Compartilhável (Unissex)</em> lançado em <strong>2021</strong>. <em>O perfumista</em> que assina esta fragrância é <strong>Chris Maurice</strong>.</p><div style=""margin-top: 16px; margin-bottom: 25px; display: flex; flex-direction: column; gap: 10px; font-size: 14.5px; line-height: 1.7;""><div style=""position: relative; padding-left: 20px;""><span style=""color: #C5A880; font-weight: bold; font-size: 18px; position: absolute; left: 0; top: -1px;"">•</span><strong>Notas de Saída (5 a 15 min):</strong> <em>Hortelã</em>, <em>Limão</em>, <em>Manjericão</em> e <em>Alecrim</em></div><div style=""position: relative; padding-left: 20px;""><span style=""color: #C5A880; font-weight: bold; font-size: 18px; position: absolute; left: 0; top: -1px;"">•</span><strong>Notas de Corpo (2 a 6 h):</strong> <em>Lavanda</em>, <em>Groselha Preta</em>, <em>Jasmim</em> e <em>Verbena</em></div><div style=""position: relative; padding-left: 20px;""><span style=""color: #C5A880; font-weight: bold; font-size: 18px; position: absolute; left: 0; top: -1px;"">•</span><strong>Notas de Fundo (6 a 12h+):</strong> <em>Almíscar</em> e <em>Cedro</em></div></div><p style=""font-family: 'Inter', sans-serif; font-style: italic; font-size: 12.5px; color: #7E786B; border-left: 1.5px solid #C5A880; padding-left: 16px; margin-top: 25px; line-height: 1.7; letter-spacing: 0.15px;"">Os decantes são uma excelente oportunidade para conhecer e testar fragrâncias exclusivas antes de investir em um frasco cheio. Nossos decantes são fracionados de forma profissional diretamente do frasco original em porta-perfumes de vidro com borrifador.</p>";decante, Xerjoff, Torino 21, importado, perfume;Decante Torino 21 - Xerjoff | Original Montalk;Compre decante original de Torino 21 - Xerjoff fracionado em 2ml, 5ml ou 10ml na Montalk. Envio rápido para todo o Brasil.;Xerjoff;SIM;;;;
decante-xerjoff-torino-21;;;Volumetria;5ml;;;;;100.00;;0.03;3;11;16;5;DEC-XERJ-TORINO21-5ML;;;NÃO;;;;;;SIM;;;;
decante-xerjoff-torino-21;;;Volumetria;10ml;;;;;180.00;;0.05;5;11;16;5;DEC-XERJ-TORINO21-10ML;;;NÃO;;;;;;SIM;;;;
decante-xerjoff-torino-25;Decante Torino 25 - Xerjoff;Decantes > Xerjoff;Volumetria;2ml;;;;;50.00;;0.02;2;11;16;5;DEC-XERJ-TORINO25-2ML;;SIM;NÃO;"<p><strong>TORINO 25</strong> de <strong>XERJOFF</strong> é um perfume <em> Compartilhável (Unissex)</em> lançado em <strong>2022</strong>. <em>O perfumista</em> que assina esta fragrância é <strong>um perfumista exclusivo</strong>.</p><div style=""margin-top: 16px; margin-bottom: 25px; display: flex; flex-direction: column; gap: 10px; font-size: 14.5px; line-height: 1.7;""><div style=""position: relative; padding-left: 20px;""><span style=""color: #C5A880; font-weight: bold; font-size: 18px; position: absolute; left: 0; top: -1px;"">•</span><strong>Notas de Saída (5 a 15 min):</strong> <em>Olíbano</em></div><div style=""position: relative; padding-left: 20px;""><span style=""color: #C5A880; font-weight: bold; font-size: 18px; position: absolute; left: 0; top: -1px;"">•</span><strong>Notas de Corpo (2 a 6 h):</strong> <em>Lavanda</em> e <em>Jasmim</em></div><div style=""position: relative; padding-left: 20px;""><span style=""color: #C5A880; font-weight: bold; font-size: 18px; position: absolute; left: 0; top: -1px;"">•</span><strong>Notas de Fundo (6 a 12h+):</strong> <em>Sândalo</em> e <em>Almíscar</em></div></div><p style=""font-family: 'Inter', sans-serif; font-style: italic; font-size: 12.5px; color: #7E786B; border-left: 1.5px solid #C5A880; padding-left: 16px; margin-top: 25px; line-height: 1.7; letter-spacing: 0.15px;"">Os decantes são uma excelente oportunidade para conhecer e testar fragrâncias exclusivas antes de investir em um frasco cheio. Nossos decantes são fracionados de forma profissional diretamente do frasco original em porta-perfumes de vidro com borrifador.</p>";decante, Xerjoff, Torino 25, importado, perfume;Decante Torino 25 - Xerjoff | Original Montalk;Compre decante original de Torino 25 - Xerjoff fracionado em 2ml, 5ml ou 10ml na Montalk. Envio rápido para todo o Brasil.;Xerjoff;SIM;;;;
decante-xerjoff-torino-25;;;Volumetria;5ml;;;;;100.00;;0.03;3;11;16;5;DEC-XERJ-TORINO25-5ML;;;NÃO;;;;;;SIM;;;;
decante-xerjoff-torino-25;;;Volumetria;10ml;;;;;180.00;;0.05;5;11;16;5;DEC-XERJ-TORINO25-10ML;;;NÃO;;;;;;SIM;;;;
